id	partner_id	ncontractes	npolizas_pagador	npolizas_titular	npolizas_socio	consumannual	maxconsumannual	polizas	bool
1	2	4	1	0	3	27326	9195	[34516, 20671, 50536, 34524]	True
4	5	1	1	0	0	1876	1876	[4646]	True
38	42	6	1	0	5	14852	5500	[53968, 39957, 55513, 48675, 1313, 49251]	True
54	61	2	2	0	0	2263	1493	[929, 21]	True
58	66	1	1	0	0	1688	1688	[23]	True
63	72	1	1	0	0	1629	1629	[44404]	True
69	80	7	0	0	7	16688	5122	[54966, 42445, 24084, 56451, 5348, 58558, 48223]	True
88	100	1	1	0	0	2168	2168	[40636]	True
95	107	1	0	0	1	6549	6549	[41317]	True
100	112	6	2	0	4	11644	3644	[46537, 41, 46976, 46962, 47348, 38754]	True
101	113	4	2	0	2	7930	2435	[42, 49919, 3634, 49453]	True
107	120	2	1	1	0	4668	4281	[43, 50851]	True
139	154	1	1	0	0	1045	1045	[2295]	True
149	167	1	1	0	0	666	666	[58]	True
152	170	1	1	0	0	836	836	[25966]	True
155	174	2	1	0	1	2834	1700	[13431, 61]	True
164	184	1	1	0	0	1165	1165	[2892]	True
168	189	2	2	0	0	5321	3300	[63815, 64]	True
174	195	1	1	0	0	1409	1409	[66]	True
175	196	1	0	0	1	2618	2618	[67]	True
195	220	3	1	0	2	7643	4726	[48229, 41801, 35087]	True
203	230	3	0	0	3	14961	6681	[38087, 49207, 58147]	True
225	253	2	1	0	1	1389	1163	[79, 2929]	True
241	269	4	1	0	3	5165	3950	[42810, 12830, 42806, 62646]	True
252	281	1	1	0	0	1370	1370	[63842]	True
262	293	1	1	0	0	1733	1733	[21421]	True
269	301	3	1	0	2	5377	2742	[43232, 43230, 6033]	True
274	306	1	1	0	0	1405	1405	[98]	True
311	353	2	1	0	1	2759	1800	[132, 50745]	True
313	355	2	1	0	1	6988	4921	[1058, 29756]	True
314	356	1	1	0	0	1750	1750	[40470]	True
328	372	1	1	0	0	2120	2120	[138]	True
332	377	2	0	0	2	2333	2333	[41690, 56301]	True
339	385	2	1	0	1	5116	3119	[44208, 141]	True
341	387	1	0	0	1	2400	2400	[60448]	True
351	400	10	3	2	5	14967	4000	[150, 149, 44944, 47742, 3662, 49449, 46039, 47764, 46493, 26010]	True
357	406	2	1	0	1	5600	3200	[38099, 63681]	True
361	410	4	3	0	1	8276	4186	[155, 56427, 58400, 58367]	True
363	412	2	2	0	0	2755	2227	[156, 1488]	True
372	423	1	1	0	0	3129	3129	[161]	True
373	424	2	2	0	0	2991	2400	[51243, 162]	True
376	428	3	1	0	2	3345	2400	[13650, 65145, 57292]	True
387	444	2	1	0	1	2084	1403	[1903, 59154]	True
389	446	1	1	0	0	1671	1671	[167]	True
390	447	4	0	0	4	7615	2500	[37334, 50471, 52400, 8088]	True
391	449	1	1	0	0	2911	2911	[168]	True
398	459	1	1	0	0	3354	3354	[1772]	True
418	486	6	2	0	4	15915	5233	[4132, 175, 4299, 23087, 48577, 4291]	True
430	500	1	1	0	0	15670	15670	[11740]	True
442	516	1	0	0	1	2529	2529	[7672]	True
445	519	1	1	0	0	2551	2551	[37439]	True
461	541	5	2	0	3	14686	4178	[187, 53016, 49642, 49648, 186]	True
464	545	1	1	0	0	2973	2973	[1522]	True
466	547	3	1	0	2	9392	6039	[36380, 3798, 35283]	True
469	550	3	1	0	2	6249	3393	[1930, 16905, 192]	True
471	552	3	1	0	2	3534	1984	[193, 1629, 42512]	True
478	559	1	1	0	0	537	537	[196]	True
480	561	1	1	0	0	1826	1826	[197]	True
482	563	1	1	0	0	961	961	[198]	True
487	569	1	1	0	0	952	952	[201]	True
501	584	1	1	0	0	1097	1097	[106]	True
505	590	2	1	0	1	4242	2400	[60731, 107]	True
512	597	2	1	0	1	15499	14400	[57099, 111]	True
520	609	2	1	0	1	5198	4708	[114, 1112]	True
523	613	2	1	0	1	3021	3021	[116, 58204]	True
525	615	1	0	0	1	6619	6619	[14587]	True
532	623	1	1	0	0	1808	1808	[204]	True
537	629	0	0	0	0	None	None	[None]	True
544	637	1	1	0	0	1993	1993	[210]	True
545	638	2	2	0	0	3661	3194	[211, 30484]	True
553	647	1	1	0	0	874	874	[214]	True
555	649	1	0	0	1	3279	3279	[216]	True
557	651	1	1	0	0	1178	1178	[217]	True
559	653	2	2	0	0	1500	1500	[48122, 48114]	True
562	657	3	1	0	2	5333	2873	[218, 13084, 16443]	True
573	669	1	1	0	0	1936	1936	[14067]	True
585	684	4	0	0	4	6794	3252	[25341, 1883, 8018, 1882]	True
595	695	1	1	0	0	1853	1853	[34945]	True
602	706	3	3	0	0	2400	1149	[8734, 730, 64271]	True
604	708	1	1	0	0	1596	1596	[231]	True
621	726	1	1	0	0	2098	2098	[242]	True
627	732	1	1	0	0	1452	1452	[244]	True
636	741	1	1	0	0	1523	1523	[250]	True
640	745	2	2	0	0	2551	2550	[2814, 15506]	True
642	747	2	0	1	1	2067	1732	[5350, 39841]	True
646	751	2	1	0	1	6173	3626	[257, 7908]	True
659	765	3	1	0	2	3498	2389	[21471, 264, 21475]	True
668	776	1	1	0	0	1789	1789	[49882]	True
673	783	1	1	0	0	3733	3733	[2383]	True
696	809	1	1	0	0	1655	1655	[276]	True
699	812	2	1	0	1	4587	2664	[39023, 732]	True
702	815	2	1	0	1	3648	2147	[279, 278]	True
708	821	1	1	0	0	2563	2563	[1068]	True
712	825	1	1	0	0	2533	2533	[284]	True
713	826	5	1	0	4	14933	5036	[21722, 40428, 21586, 1446, 31767]	True
735	852	4	1	0	3	6345	1825	[16538, 2677, 45291, 288]	True
752	869	1	1	0	0	1958	1958	[41662]	True
756	873	0	0	0	0	None	None	[None]	True
757	874	4	1	0	3	8588	2834	[48571, 297, 48328, 48573]	True
777	897	1	1	0	0	360	360	[59814]	True
778	898	4	3	0	1	7792	3598	[2220, 309, 24053, 32569]	True
784	905	1	0	0	1	2055	2055	[311]	True
799	921	2	2	0	0	4350	3128	[318, 9573]	True
807	930	1	1	0	0	4070	4070	[2237]	True
835	960	1	1	0	0	2459	2459	[13441]	True
838	963	1	1	0	0	1800	1800	[58449]	True
852	979	4	0	0	4	8489	2476	[4326, 1336, 17781, 11889]	True
858	987	1	1	0	0	1430	1430	[21449]	True
862	992	2	1	0	1	3375	2068	[29620, 2402]	True
868	999	1	1	0	0	1256	1256	[346]	True
871	1003	1	1	0	0	0	0	[348]	True
876	1011	0	0	0	0	None	None	[None]	True
877	1012	1	1	0	0	8097	8097	[349]	True
887	1023	3	3	0	0	10563	8280	[42961, 352, 20427]	True
888	1024	2	1	0	1	2658	2158	[59513, 353]	True
904	1043	1	1	0	0	3957	3957	[2310]	True
934	1078	1	1	0	0	1900	1900	[50693]	True
938	1082	2	2	0	0	3456	1800	[56854, 367]	True
939	1083	3	1	0	2	6197	3226	[44989, 47212, 26888]	True
942	1086	2	1	0	1	20503	14400	[368, 55802]	True
948	1092	1	1	0	0	962	962	[3321]	True
961	1108	6	1	0	5	26295	18014	[8086, 58556, 3783, 376, 52528, 17500]	True
964	1111	3	1	0	2	16070	12441	[61409, 38101, 2179]	True
971	1118	2	1	0	1	4478	2975	[6311, 26622]	True
1003	1155	1	1	0	0	5556	5556	[827]	True
1015	1169	1	0	0	1	1955	1955	[1614]	True
1016	1170	2	1	0	1	6141	3741	[7692, 61753]	True
1025	1180	2	1	0	1	3780	2731	[11087, 724]	True
1027	1183	6	2	0	4	15935	4694	[30260, 22302, 24979, 1587, 28873, 22304]	True
1032	1190	1	1	0	0	3976	3976	[412]	True
1045	1205	3	1	0	2	7841	4363	[31588, 417, 13372]	True
1051	1213	3	2	1	0	4616	2137	[57620, 422, 23063]	True
1052	1215	2	1	0	1	5657	4627	[423, 30741]	True
1061	1224	1	1	0	0	3083	3083	[3146]	True
1073	1237	4	1	0	3	10128	3240	[58066, 1652, 29958, 55236]	True
1078	1244	2	1	0	1	3650	2079	[435, 34876]	True
1080	1246	4	4	0	0	7523	2600	[61691, 78, 1169, 436]	True
1097	1267	1	1	0	0	1500	1500	[37918]	True
1150	1332	1	1	0	0	3760	3760	[4196]	True
1161	1343	4	2	0	2	6405	2586	[1621, 3618, 29456, 35754]	True
1166	1350	2	1	0	1	2392	2376	[42371, 29921]	True
1187	1374	2	1	0	1	21524	18315	[19906, 487]	True
1190	1377	3	0	0	3	13246	9194	[1850, 62034, 57277]	True
1196	1384	1	0	0	1	3785	3785	[3149]	True
1217	1414	1	1	0	0	1697	1697	[510]	True
1229	1432	2	1	1	0	2162	1885	[32453, 516]	True
1232	1435	1	1	0	0	2023	2023	[519]	True
1236	1441	1	1	0	0	2286	2286	[1231]	True
1237	1442	1	1	0	0	3267	3267	[865]	True
1239	1444	1	0	0	1	2111	2111	[523]	True
1242	1447	3	3	0	0	2287	1284	[524, 45858, 4590]	True
1244	1450	1	1	0	0	6453	6453	[525]	True
1277	1487	1	1	0	0	736	736	[539]	True
1287	1497	3	2	0	1	3912	2158	[546, 1740, 8594]	True
1293	1505	3	1	0	2	6031	2457	[19863, 550, 50843]	True
1297	1510	1	1	0	0	1025	1025	[13331]	True
1302	1517	4	2	0	2	243	185	[4156, 58290, 54187, 54213]	True
1303	1518	3	1	0	2	4972	3347	[19051, 19025, 554]	True
1315	1533	1	1	0	0	2122	2122	[560]	True
1327	1547	2	1	0	1	7617	5546	[568, 12882]	True
1334	1557	1	1	0	0	1120	1120	[1193]	True
1346	1575	2	2	0	0	3202	2969	[20395, 1576]	True
1363	1595	2	1	0	1	5898	3398	[3565, 55559]	True
1379	1617	3	2	0	1	10795	5255	[25233, 23709, 27889]	True
1383	1621	4	1	0	3	4975	1986	[15369, 23544, 36697, 2564]	True
1388	1629	2	2	0	0	4387	3483	[1133, 592]	True
1441	1692	1	1	0	0	2832	2832	[2174]	True
1442	1693	1	0	0	1	1058	1058	[1244]	True
1445	1698	3	2	0	1	7526	4717	[1153, 2883, 43776]	True
1469	1730	6	1	0	5	59473	51165	[46489, 626, 50702, 50705, 46491, 39364]	True
1471	1732	2	1	0	1	4868	3045	[42726, 1328]	True
1476	1739	1	1	0	0	5380	5380	[2578]	True
1491	1756	1	1	0	0	2936	2936	[632]	True
1505	1772	3	2	0	1	13503	8254	[3804, 21445, 46339]	True
1526	1796	1	1	0	0	1614	1614	[643]	True
1549	1823	1	1	0	0	6357	6357	[780]	True
1561	1838	1	1	0	0	3205	3205	[1957]	True
1563	1840	5	1	0	4	11170	4432	[651, 35003, 36340, 17839, 19566]	True
1598	1885	1	1	0	0	930	930	[44578]	True
1608	1898	1	1	0	0	4155	4155	[1408]	True
1623	1915	1	0	0	1	3224	3224	[679]	True
1625	1917	1	1	0	0	1883	1883	[2022]	True
1638	1931	1	1	0	0	792	792	[46059]	True
1646	1939	1	1	0	0	1054	1054	[12970]	True
1682	1977	5	1	0	4	8887	2760	[1465, 29575, 48138, 28905, 6338]	True
1684	1979	3	1	0	2	8337	3095	[1069, 56118, 1807]	True
1707	2002	3	1	0	2	7515	4313	[1492, 11931, 1498]	True
1726	2022	2	1	1	0	1782	1342	[4481, 38643]	True
1734	2031	1	1	0	0	3807	3807	[745]	True
1735	2032	3	1	0	2	2567	1768	[1107, 725, 4909]	True
1739	2037	1	1	0	0	6286	6286	[1289]	True
1759	2057	1	1	0	0	3190	3190	[836]	True
1761	2059	2	1	1	0	5065	3265	[748, 58746]	True
1788	2087	1	1	0	0	1865	1865	[853]	True
1792	2091	1	1	0	0	3454	3454	[1569]	True
1805	2131	1	1	0	0	3658	3658	[142]	True
1830	2554	1	1	0	0	1367	1367	[1055]	True
1851	2577	2	1	0	1	4187	2175	[881, 7036]	True
1855	2581	1	1	0	0	1290	1290	[2106]	True
1860	2586	4	1	0	3	4288	1634	[917, 25188, 8691, 1463]	True
1868	2594	2	1	0	1	3267	2683	[1079, 771]	True
1878	2604	1	1	0	0	2019	2019	[905]	True
1879	2605	1	1	0	0	3659	3659	[908]	True
1882	2609	2	2	0	0	4038	2707	[961, 1316]	True
1895	2622	2	1	0	1	6996	5058	[35880, 22797]	True
1901	2629	1	1	0	0	2819	2819	[3200]	True
1904	2632	2	2	0	0	2421	1656	[812, 1021]	True
1908	2637	3	1	0	2	9007	5244	[43637, 2727, 43641]	True
1910	2639	0	0	0	0	None	None	[None]	True
1913	2643	2	1	0	1	2723	2161	[10231, 13221]	True
1914	2644	1	1	0	0	1683	1683	[1612]	True
1917	2647	2	2	0	0	2923	1800	[944, 53797]	True
1926	2657	2	2	0	0	2303	1499	[1060, 1120]	True
1932	2663	2	2	0	0	2650	2369	[956, 20983]	True
1940	2672	4	1	0	3	10233	4000	[59980, 17388, 3600, 47784]	True
1943	2675	7	2	0	5	15205	3634	[54648, 11568, 30195, 1022, 54646, 12719, 822]	True
1948	2680	2	2	0	0	2379	1250	[1712, 1711]	True
1949	2681	2	1	0	1	4150	2192	[9078, 1113]	True
1950	2682	1	1	0	0	1587	1587	[957]	True
1964	2698	1	1	0	0	454	454	[813]	True
1985	2721	4	1	0	3	8874	3247	[26975, 42254, 34006, 12174]	True
1999	2736	6	2	0	4	7307	2880	[3997, 818, 62731, 55407, 35220, 43421]	True
2016	2756	1	1	0	0	379	379	[995]	True
2024	2764	1	1	0	0	537	537	[28899]	True
2032	2774	2	2	0	0	4406	3813	[44457, 25757]	True
2033	2775	1	1	0	0	1364	1364	[1007]	True
2049	2794	1	1	0	0	1228	1228	[1042]	True
2051	2796	5	2	0	3	9987	5438	[56169, 64523, 1061, 51171, 40398]	True
2052	2797	1	1	0	0	1229	1229	[1556]	True
2053	2798	2	1	0	1	6384	4809	[25380, 2127]	True
2058	2804	2	2	0	0	1930	1624	[1032, 1427]	True
2109	2857	2	2	0	0	1622	1037	[17721, 3650]	True
2122	2870	1	1	0	0	2564	2564	[1130]	True
2129	2877	1	1	0	0	2666	2666	[14541]	True
2134	2884	2	2	0	0	8962	5280	[1290, 62112]	True
2136	2886	1	0	0	1	2154	2154	[1144]	True
2138	2888	1	1	0	0	1473	1473	[1141]	True
2154	2905	1	1	0	0	873	873	[5727]	True
2199	2951	3	1	0	2	6148	2400	[1209, 4240, 63962]	True
2206	2959	1	1	0	0	1451	1451	[1219]	True
2221	2974	8	2	0	6	17219	5520	[32831, 6574, 36978, 51927, 19324, 19355, 31419, 19352]	True
2226	2980	1	1	0	0	963	963	[1235]	True
2230	2984	1	1	0	0	1558	1558	[1242]	True
2242	2998	3	1	0	2	9243	4075	[64346, 1272, 45639]	True
2259	3017	1	1	0	0	2226	2226	[1234]	True
2266	3024	4	1	0	3	8467	2785	[23805, 23562, 1098, 23566]	True
2304	3147	3	1	0	2	4232	1800	[824, 8650, 907]	True
2306	3217	1	1	0	0	5487	5487	[1023]	True
2311	3282	1	1	0	0	672	672	[1110]	True
2312	3298	1	1	0	0	1488	1488	[1125]	True
2322	3389	1	1	0	0	3353	3353	[1276]	True
2333	3403	2	1	0	1	2631	1436	[25550, 1502]	True
2355	3431	3	1	0	2	5202	2813	[45629, 46087, 1688]	True
2359	3435	1	1	0	0	916	916	[1366]	True
2367	3444	3	1	0	2	7820	3961	[1306, 43944, 62918]	True
2371	3450	1	1	0	0	2627	2627	[1315]	True
2377	3457	1	1	0	0	5305	5305	[1388]	True
2383	3464	3	3	0	0	4210	3456	[1530, 43433, 41938]	True
2384	3466	2	2	0	0	3874	2066	[1755, 17210]	True
2386	3468	1	1	0	0	1610	1610	[12282]	True
2400	3483	1	1	0	0	1208	1208	[1341]	True
2421	3510	2	1	0	1	6414	4726	[39829, 1371]	True
2448	3545	1	1	0	0	1784	1784	[1539]	True
2472	3574	1	0	0	1	2507	2507	[1419]	True
2501	3612	1	0	0	1	17865	17865	[1453]	True
2506	3622	2	1	0	1	155941	120000	[1460, 64426]	True
2509	3625	2	1	0	1	5065	3144	[53066, 1467]	True
2522	3640	1	1	0	0	2225	2225	[1689]	True
2526	3644	1	1	0	0	1216	1216	[1490]	True
2537	3657	1	1	0	0	5621	5621	[1541]	True
2542	3664	2	1	0	1	2468	1241	[1506, 40352]	True
2565	3692	3	1	0	2	4271	2048	[1524, 57984, 46431]	True
2575	3705	2	2	0	0	1810	1140	[1529, 1852]	True
2582	3714	4	1	0	3	8522	3497	[9195, 31918, 2055, 32093]	True
2588	3720	1	0	0	1	1920	1920	[1994]	True
2589	3721	2	1	0	1	2616	1483	[28582, 43808]	True
2593	3726	2	1	0	1	7029	4149	[1558, 48601]	True
2596	3729	1	1	0	0	1468	1468	[1552]	True
2608	3743	4	3	0	1	8802	4222	[56153, 30207, 1579, 56149]	True
2628	3768	1	1	0	0	1264	1264	[1599]	True
2630	3770	1	1	0	0	1586	1586	[1615]	True
2632	3773	1	1	0	0	1587	1587	[1619]	True
2635	3776	1	1	0	0	2165	2165	[3242]	True
2647	3792	2	1	0	1	7141	5341	[3231, 46914]	True
2659	3808	1	1	0	0	1463	1463	[25459]	True
2668	3818	2	2	0	0	4313	3875	[5134, 1650]	True
2675	3827	1	1	0	0	2587	2587	[1654]	True
2686	3840	1	1	0	0	3089	3089	[3826]	True
2701	3857	3	1	0	2	13145	7783	[36479, 1825, 36311]	True
2736	3901	1	1	0	0	1879	1879	[5784]	True
2742	3908	3	1	0	2	5332	1886	[1717, 29980, 35025]	True
2754	3921	1	1	0	0	2187	2187	[1851]	True
2761	3928	1	1	0	0	2764	2764	[2802]	True
2768	3936	1	1	0	0	1998	1998	[1828]	True
2779	3948	1	1	0	0	2830	2830	[1767]	True
2785	3954	1	1	0	0	1350	1350	[9262]	True
2788	3959	1	1	0	0	3338	3338	[1782]	True
2792	3963	2	2	0	0	3002	2727	[6970, 1788]	True
2794	3965	1	1	0	0	548	548	[1790]	True
2797	3969	1	1	0	0	1361	1361	[1792]	True
2841	4031	1	0	0	1	2617	2617	[1938]	True
2842	4032	3	1	0	2	3872	2072	[45257, 1944, 57875]	True
2862	4063	2	2	0	0	2457	2327	[2725, 2726]	True
2866	4069	1	1	0	0	2509	2509	[1884]	True
2903	4114	1	1	0	0	1533	1533	[2052]	True
2910	4121	4	1	1	2	4674	2182	[41706, 29052, 1929, 35744]	True
2912	4123	3	1	0	2	3508	2802	[3172, 49002, 23739]	True
2914	4126	1	1	0	0	540	540	[40903]	True
2916	4131	1	1	0	0	1777	1777	[1942]	True
2922	4138	1	1	0	0	2236	2236	[1946]	True
2938	4160	3	1	0	2	5491	2400	[1964, 47028, 63164]	True
2947	4172	1	1	0	0	1618	1618	[2114]	True
2950	4175	1	1	0	0	2557	2557	[2074]	True
2953	4179	6	1	0	5	867975	854691	[4700, 52290, 19554, 51464, 12497, 38450]	True
2963	4190	1	1	0	0	1596	1596	[15608]	True
2970	4198	1	1	0	0	1681	1681	[26256]	True
2993	4226	1	1	0	0	746	746	[39645]	True
2996	4229	2	1	0	1	2294	2154	[49562, 2038]	True
2997	4230	1	1	0	0	2079	2079	[2165]	True
3021	4257	2	1	0	1	8006	4209	[37187, 2046]	True
3032	4271	2	1	0	1	2988	2569	[31597, 40533]	True
3037	4277	1	1	0	0	1324	1324	[2072]	True
3047	4287	1	1	0	0	2338	2338	[3443]	True
3069	4316	1	1	0	0	1306	1306	[2120]	True
3070	4319	2	2	0	0	1973	1048	[2100, 2551]	True
3071	4320	2	1	1	0	2122	1290	[22309, 22502]	True
3079	4332	1	1	0	0	1674	1674	[2161]	True
3082	4335	1	0	0	1	2572	2572	[2109]	True
3097	4353	1	1	0	0	4261	4261	[2130]	True
3103	4359	1	1	0	0	3307	3307	[47828]	True
3105	4362	2	2	0	0	1768	1446	[22516, 37887]	True
3110	4369	1	1	0	0	2584	2584	[2141]	True
3116	4376	3	3	0	0	5800	3482	[2146, 37792, 2144]	True
3134	4396	2	1	0	1	6752	3872	[3503, 51467]	True
3140	4403	6	1	0	5	17314	5388	[47108, 46148, 3214, 40059, 23175, 45667]	True
3142	4405	2	1	0	1	3172	3115	[40805, 2187]	True
3144	4407	2	1	0	1	4016	2413	[2195, 40799]	True
3152	4415	1	1	0	0	1741	1741	[2357]	True
3168	4433	1	1	0	0	1688	1688	[9146]	True
3171	4436	0	0	0	0	None	None	[None]	True
3191	4458	1	1	0	0	2240	2240	[4736]	True
3194	4462	3	1	0	2	17328	8800	[2390, 2494, 21487]	True
3214	4485	3	2	0	1	6648	4095	[2250, 33002, 6346]	True
3250	4533	1	1	0	0	5488	5488	[2270]	True
3271	4556	2	2	0	0	2637	1702	[35156, 16824]	True
3277	4565	4	2	0	2	8088	3787	[16091, 16067, 16052, 2302]	True
3278	4566	2	2	0	0	6505	4759	[2298, 2299]	True
3281	4570	1	1	0	0	2743	2743	[2301]	True
3290	4583	3	3	0	0	3694	2375	[31562, 2349, 2429]	True
3303	4602	3	2	0	1	6485	3225	[2338, 2561, 17087]	True
3315	4618	2	2	0	0	2053	1112	[3203, 2413]	True
3316	4619	1	1	0	0	2590	2590	[2362]	True
3324	4629	3	1	0	2	2412	1375	[58494, 2587, 16146]	True
3332	4640	2	1	0	1	6173	3293	[2377, 59832]	True
3335	4643	1	1	0	0	2737	2737	[2379]	True
3341	4650	1	1	0	0	1539	1539	[2385]	True
3348	4658	1	1	0	0	1201	1201	[17213]	True
3354	4665	1	1	0	0	1823	1823	[2609]	True
3370	4685	4	1	0	3	11028	6219	[42464, 42468, 5711, 54845]	True
3378	4695	1	1	0	0	2337	2337	[2411]	True
3384	4702	2	1	0	1	3170	2217	[4318, 45385]	True
3388	4706	1	1	0	0	3220	3220	[3309]	True
3397	4719	1	0	0	1	5125	5125	[47661]	True
3401	4723	3	0	0	3	5961	3214	[2543, 61177, 27169]	True
3402	4724	0	0	0	0	None	None	[None]	True
3407	4731	1	1	0	0	1900	1900	[56666]	True
3409	4734	1	1	0	0	942	942	[2455]	True
3410	4735	1	1	0	0	4229	4229	[2453]	True
3417	4742	1	1	0	0	2800	2800	[22736]	True
3422	4749	2	2	0	0	2160	1465	[2488, 2487]	True
3440	4769	3	1	1	1	4452	2590	[17042, 2655, 38496]	True
3448	4780	1	1	0	0	990	990	[3249]	True
3454	4790	1	1	0	0	2092	2092	[2531]	True
3465	4802	2	2	0	0	3608	3139	[2527, 39055]	True
3472	4809	1	1	0	0	1053	1053	[2522]	True
3525	4869	1	1	0	0	3118	3118	[2565]	True
3528	4873	1	1	0	0	876	876	[2568]	True
3548	4898	1	1	0	0	1015	1015	[2721]	True
3550	4900	2	1	0	1	13277	11428	[52656, 2715]	True
3552	4903	1	1	0	0	1249	1249	[2589]	True
3556	4907	1	1	0	0	1842	1842	[2591]	True
3557	4908	1	1	0	0	1394	1394	[2781]	True
3575	4929	1	1	0	0	2424	2424	[2671]	True
3580	4935	2	1	0	1	4915	3027	[3701, 52096]	True
3600	4959	2	1	0	1	4354	2521	[9623, 3506]	True
3603	4962	1	1	0	0	1627	1627	[2859]	True
3623	4988	6	1	0	5	15750	5164	[31662, 2729, 41818, 7993, 41822, 7772]	True
3644	5013	3	3	0	0	3589	2121	[2693, 6199, 10440]	True
3650	5022	2	1	0	1	1608	1447	[29011, 2712]	True
3658	5033	1	1	0	0	1733	1733	[2696]	True
3664	5043	2	2	0	0	5047	4738	[5376, 2714]	True
3677	5057	2	1	0	1	12440	7459	[22650, 2800]	True
3693	5090	2	1	0	1	4068	3598	[32513, 33360]	True
3705	5111	1	1	0	0	1903	1903	[28500]	True
3723	5134	1	1	0	0	1858	1858	[2804]	True
3730	5141	3	1	0	2	4744	3434	[2832, 2806, 16022]	True
3762	5179	1	1	0	0	3064	3064	[2837]	True
3763	5180	1	1	0	0	1779	1779	[3349]	True
3765	5182	3	1	0	2	22457	10450	[2843, 15179, 45481]	True
3782	5203	2	2	0	0	3223	2011	[52702, 52700]	True
3790	5211	1	1	0	0	6478	6478	[3404]	True
3796	5217	1	1	0	0	5045	5045	[2959]	True
3798	5219	2	1	0	1	1818	1018	[2884, 63149]	True
3809	5231	1	1	0	0	2880	2880	[51235]	True
3817	5239	1	1	0	0	1800	1800	[6126]	True
3823	5246	5	1	0	4	29049	11350	[34461, 3803, 34174, 34778, 20222]	True
3825	5248	4	1	0	3	13172	5592	[3202, 59801, 37932, 33197]	True
3826	5249	4	2	0	2	9298	3805	[2912, 42114, 42112, 40922]	True
3856	5289	3	1	0	2	8990	5581	[4129, 16368, 2933]	True
3857	5290	3	3	0	0	8594	4194	[62514, 58455, 2934]	True
3861	5299	1	1	0	0	3489	3489	[2944]	True
3867	5305	2	1	0	1	11483	8000	[58940, 2952]	True
3871	5309	3	3	0	0	8058	6928	[12627, 29273, 4920]	True
3876	5317	1	1	0	0	1981	1981	[2970]	True
3882	5323	2	2	0	0	1911	1041	[3004, 57964]	True
3889	5332	2	1	0	1	6264	3242	[2993, 19601]	True
3896	5343	2	2	0	0	4965	3787	[3006, 3007]	True
3917	5376	1	1	0	0	2518	2518	[4050]	True
3920	5379	1	1	0	0	1409	1409	[45647]	True
3922	5383	2	2	0	0	1121	1020	[3068, 13050]	True
3927	5395	3	1	0	2	5305	2104	[19403, 19765, 3108]	True
3929	5399	1	1	0	0	1408	1408	[3480]	True
3946	5420	1	1	0	0	1496	1496	[7551]	True
3958	5434	1	1	0	0	1844	1844	[3131]	True
3973	5450	1	1	0	0	2666	2666	[3763]	True
3999	5480	1	1	0	0	5460	5460	[3170]	True
4025	5509	3	1	0	2	4997	1929	[57742, 24917, 3209]	True
4032	5517	3	0	0	3	4280	3149	[29041, 41923, 56977]	True
4033	5518	1	1	0	0	2496	2496	[3212]	True
4047	5532	2	2	0	0	1630	1527	[3410, 37741]	True
4072	5560	2	1	0	1	2851	1515	[26285, 3313]	True
4075	5565	1	1	0	0	5037	5037	[3262]	True
4105	5602	1	1	0	0	1813	1813	[3282]	True
4120	5618	4	2	0	2	8048	3900	[14378, 9039, 13390, 63407]	True
4121	5619	2	1	0	1	7919	5967	[30911, 12631]	True
4127	5626	2	1	0	1	4893	3260	[6414, 3305]	True
4130	5630	2	2	0	0	2027	1776	[3632, 33972]	True
4143	5644	1	0	0	1	1066	1066	[13716]	True
4152	5654	1	1	0	0	689	689	[3334]	True
4160	5662	1	1	0	0	2810	2810	[3366]	True
4162	5664	4	0	0	4	13338	9291	[19095, 19097, 19091, 19093]	True
4176	5678	4	2	0	2	23031	10271	[3384, 15206, 3385, 51504]	True
4188	5691	2	1	0	1	7700	3857	[3364, 45459]	True
4194	5697	1	1	0	0	2200	2200	[3378]	True
4203	5707	1	1	0	0	2626	2626	[3749]	True
4208	5713	1	1	0	0	3588	3588	[33250]	True
4249	5759	5	1	0	4	15980	4000	[44093, 42884, 44075, 54308, 39687]	True
4251	5762	1	1	0	0	3523	3523	[3433]	True
4260	5773	1	1	0	0	2223	2223	[21005]	True
4269	5782	2	2	0	0	5624	2871	[7098, 7093]	True
4271	5784	1	1	0	0	1746	1746	[3445]	True
4297	5812	3	1	0	2	5011	2400	[52402, 3477, 38958]	True
4316	5838	1	0	0	1	937	937	[33272]	True
4320	5842	1	1	0	0	3188	3188	[3508]	True
4331	5855	2	0	0	2	4668	4216	[53024, 3530]	True
4333	5857	1	1	0	0	2467	2467	[4028]	True
4335	5859	1	1	0	0	3633	3633	[3703]	True
4339	5866	5	1	3	1	4357	1463	[30952, 44438, 30943, 30948, 30954]	True
4344	5872	3	0	0	3	4027	2596	[33061, 3521, 33063]	True
4353	5884	1	1	0	0	2514	2514	[3534]	True
4378	5917	1	1	0	0	1088	1088	[3557]	True
4379	5918	2	1	0	1	4754	2459	[12667, 55780]	True
4390	5931	1	1	0	0	1736	1736	[3571]	True
4394	5936	1	1	0	0	1676	1676	[3577]	True
4395	5938	1	1	0	0	1922	1922	[3576]	True
4397	5940	2	2	0	0	3177	2829	[3697, 3698]	True
4418	5969	1	1	0	0	4762	4762	[9187]	True
4424	5977	1	1	0	0	2049	2049	[3603]	True
4429	5982	2	2	0	0	2332	1690	[3609, 47366]	True
4430	5983	2	1	0	1	5135	3396	[3712, 24516]	True
4431	5984	3	1	0	2	6705	4013	[3674, 41227, 30609]	True
4442	5999	2	1	0	1	3179	1799	[38962, 16158]	True
4451	6013	1	1	0	0	1676	1676	[3638]	True
4459	6021	2	1	0	1	3835	1920	[3642, 45403]	True
4461	6025	2	1	0	1	5038	2742	[40151, 3648]	True
4462	6026	1	1	0	0	859	859	[3649]	True
4488	6057	2	1	0	1	5277	3477	[3682, 49038]	True
4512	6087	3	1	0	2	6750	2903	[55272, 3709, 23017]	True
4531	6112	3	1	0	2	7874	5134	[3751, 30603, 18226]	True
4535	6118	2	1	0	1	918	914	[35327, 59703]	True
4556	6144	1	1	0	0	3514	3514	[3768]	True
4576	6169	2	1	0	1	2505	2213	[4624, 4839]	True
4604	6207	3	1	0	2	5839	3103	[11024, 49237, 3886]	True
4608	6212	1	0	0	1	1105	1105	[3821]	True
4611	6217	1	1	0	0	4799	4799	[3917]	True
4619	6229	1	1	0	0	2132	2132	[3840]	True
4620	6230	4	1	0	3	8947	3177	[3835, 61516, 61793, 61520]	True
4626	6238	1	1	0	0	666	666	[4082]	True
4634	6246	2	2	0	0	5765	5280	[50110, 3883]	True
4637	6249	2	1	0	1	9137	4788	[21691, 3845]	True
4652	6269	2	1	0	1	2300	1208	[33363, 3863]	True
4676	6296	5	5	0	0	5271	2538	[55511, 55515, 3881, 43575, 25254]	True
4686	6309	2	1	0	1	4636	3889	[3892, 3891]	True
4687	6310	2	1	0	1	8372	5526	[4572, 44143]	True
4704	6338	1	1	0	0	1260	1260	[3923]	True
4708	6343	1	1	0	0	4325	4325	[3922]	True
4717	6352	2	2	0	0	1824	1674	[53304, 4511]	True
4719	6357	4	1	0	3	8001	3545	[17386, 30354, 3978, 17397]	True
4727	6366	5	3	0	2	24597	8010	[3939, 53004, 52984, 3941, 3940]	True
4755	6398	1	1	0	0	3235	3235	[4066]	True
4758	6401	1	1	0	0	2286	2286	[41433]	True
4761	6404	1	1	0	0	1800	1800	[48334]	True
4766	6414	5	1	0	4	22437	14330	[13417, 35504, 34959, 4271, 44416]	True
4767	6415	2	1	0	1	9528	6697	[3992, 33067]	True
4773	6425	1	1	0	0	4403	4403	[4072]	True
4780	6437	1	1	0	0	1587	1587	[4068]	True
4783	6440	4	0	0	4	6432	2583	[46902, 23077, 4238, 46614]	True
4793	6453	3	1	0	2	6129	4139	[32928, 13236, 52521]	True
4795	6455	3	1	0	2	9822	5280	[57952, 4294, 59364]	True
4798	6458	1	1	0	0	1684	1684	[4398]	True
4799	6459	1	1	0	0	1639	1639	[5284]	True
4819	6488	1	1	0	0	2985	2985	[12581]	True
4821	6490	2	1	0	1	4304	2899	[4049, 28085]	True
4825	6497	2	2	0	0	4950	3834	[42472, 5496]	True
4831	6503	1	1	0	0	None	None	[57524]	True
4843	6519	2	1	0	1	11114	5831	[25673, 23451]	True
4855	6541	2	1	0	1	5441	3083	[4086, 28801]	True
4860	6549	1	1	0	0	951	951	[4088]	True
4864	6553	1	1	0	0	2400	2400	[44768]	True
4876	6566	1	1	0	0	1487	1487	[4190]	True
4883	6573	2	2	0	0	3429	2300	[4105, 50455]	True
4899	6595	4	1	0	3	9610	4398	[11320, 8508, 38149, 4125]	True
4903	6600	1	1	0	0	1167	1167	[4127]	True
4918	6621	1	1	0	0	2021	2021	[4153]	True
4921	6625	2	1	0	1	635	635	[41748, 4919]	True
4937	6655	1	1	0	0	926	926	[7678]	True
4939	6657	1	1	0	0	1795	1795	[4175]	True
4950	6669	1	0	0	1	1438	1438	[4306]	True
4954	6673	2	1	0	1	2906	2164	[40965, 56744]	True
4979	6702	1	1	0	0	880	880	[5105]	True
4982	6705	1	0	0	1	1100	1100	[4311]	True
4986	6710	1	1	0	0	3026	3026	[5610]	True
4993	6725	2	1	0	1	3703	2231	[4234, 48715]	True
5004	6741	1	1	0	0	804	804	[4256]	True
5022	6762	4	3	0	1	6460	2714	[42138, 4272, 31005, 40187]	True
5028	6768	1	1	0	0	2525	2525	[4314]	True
5035	6776	0	0	0	0	None	None	[None]	True
5049	6791	1	1	0	0	5621	5621	[4297]	True
5054	6804	2	1	1	0	2133	1830	[36213, 4324]	True
5055	6806	3	2	0	1	2779	2779	[13168, 8812, 13164]	True
5117	6923	1	1	0	0	1930	1930	[5702]	True
5185	7052	1	1	0	0	813	813	[6178]	True
5188	7058	4	3	0	1	5749	3323	[30996, 48725, 15629, 5407]	True
5206	7088	2	1	0	1	2944	1856	[63589, 4702]	True
5219	7103	2	0	0	2	520	505	[6206, 12362]	True
5223	7113	2	1	0	1	1843	1048	[17037, 21608]	True
5233	7132	1	1	0	0	5946	5946	[4781]	True
5241	7155	1	1	0	0	4445	4445	[4963]	True
5250	7170	1	1	0	0	2761	2761	[4829]	True
5251	7171	1	1	0	0	1885	1885	[9082]	True
5254	7177	3	0	0	3	5406	2890	[42646, 42542, 5352]	True
5255	7178	2	1	0	1	4238	2400	[4847, 64228]	True
5276	7220	3	1	0	2	10111	6900	[4942, 53659, 58524]	True
5277	7221	1	1	0	0	2014	2014	[4944]	True
5281	7225	1	1	0	0	2383	2383	[4973]	True
5287	7238	1	1	0	0	3627	3627	[4959]	True
5294	7248	3	1	0	2	8079	3028	[22195, 27814, 5007]	True
5305	7277	2	1	0	1	23429	19980	[12105, 5017]	True
5310	7295	2	1	0	1	5305	3467	[5184, 45361]	True
5311	7296	3	1	0	2	8417	3071	[24911, 45103, 5057]	True
5312	7297	3	1	0	2	8640	5000	[30623, 5063, 49100]	True
5324	7324	2	2	0	0	3938	2578	[12034, 5981]	True
5326	7326	1	1	0	0	1956	1956	[5563]	True
5351	7365	1	1	0	0	2352	2352	[5172]	True
5362	7382	2	1	0	1	4671	3486	[9035, 5196]	True
5366	7386	2	1	0	1	6574	3694	[13718, 5210]	True
5371	7393	1	1	0	0	1378	1378	[35560]	True
5372	7406	3	1	0	2	8389	7841	[58000, 12605, 58030]	True
5400	7469	1	1	0	0	4158	4158	[5321]	True
5402	7476	1	1	0	0	853	853	[5478]	True
5444	7559	3	1	0	2	5589	4203	[23737, 14061, 23234]	True
5455	7584	4	2	0	2	6088	1979	[63329, 5484, 5482, 62719]	True
5491	7695	5	2	0	3	6971	3107	[42397, 54316, 12962, 12020, 6072]	True
5508	7720	1	1	0	0	2170	2170	[5768]	True
5514	7726	1	1	0	0	1358	1358	[46828]	True
5516	7728	1	1	0	0	1216	1216	[5674]	True
5520	7732	3	1	0	2	4617	2036	[6124, 23141, 8578]	True
5522	7739	2	0	0	2	7281	5158	[6682, 31578]	True
5523	7741	1	1	0	0	3373	3373	[23548]	True
5541	7775	5	1	0	4	14878	4667	[21158, 6740, 5758, 17799, 6884]	True
5555	7797	1	1	0	0	2250	2250	[5780]	True
5558	7800	1	1	0	0	1366	1366	[6144]	True
5559	7801	3	1	0	2	3554	1616	[5870, 12644, 12640]	True
5565	7808	1	1	0	0	3594	3594	[5892]	True
5573	7822	1	1	0	0	1608	1608	[21054]	True
5574	7824	2	1	0	1	3325	2479	[5987, 5832]	True
5581	7835	3	1	0	2	22840	11167	[5900, 35664, 49784]	True
5602	7869	2	1	0	1	3661	3329	[6802, 32075]	True
5613	7889	2	1	0	1	10738	7738	[6015, 56959]	True
5629	7928	3	1	0	2	6906	4099	[29518, 10892, 23209]	True
5631	7932	1	1	0	0	553	553	[5991]	True
5636	7940	1	1	0	0	1229	1229	[7840]	True
5647	7955	1	1	0	0	2358	2358	[12848]	True
5654	7964	1	1	0	0	4040	4040	[8798]	True
5702	8027	0	0	0	0	None	None	[None]	True
5727	8081	1	1	0	0	1424	1424	[6798]	True
5729	8085	2	2	0	0	3106	1683	[6242, 6245]	True
5741	8109	1	1	0	0	3205	3205	[6279]	True
5743	8111	2	1	1	0	2951	2127	[14369, 6703]	True
5753	8124	1	1	0	0	5296	5296	[6303]	True
5774	8177	1	1	0	0	1216	1216	[6364]	True
5807	8247	2	1	0	1	5547	3344	[9440, 23226]	True
5810	8254	3	1	0	2	8817	3506	[6451, 32171, 33247]	True
5818	8262	1	1	0	0	913	913	[6544]	True
5825	8275	1	1	0	0	8108	8108	[59633]	True
5828	8285	2	2	0	0	3186	2988	[6494, 36178]	True
5839	8304	2	1	0	1	3459	2013	[27505, 13364]	True
5888	8399	3	0	0	3	9639	3962	[48958, 7712, 50499]	True
5899	8412	1	1	0	0	3375	3375	[6676]	True
5904	8417	2	2	0	0	4470	3838	[7180, 20773]	True
5919	8434	1	1	0	0	1712	1712	[6701]	True
5930	8452	2	2	0	0	1524	900	[54071, 7648]	True
5933	8455	2	1	0	1	3304	2350	[6736, 34468]	True
5948	8482	1	1	0	0	1571	1571	[19380]	True
5951	8489	1	1	0	0	2924	2924	[6784]	True
5971	8518	2	1	0	1	3131	2004	[42522, 6904]	True
5973	8520	1	1	0	0	2990	2990	[49325]	True
5994	8552	2	2	0	0	7014	3688	[7038, 41878]	True
6001	8564	1	1	0	0	1220	1220	[6894]	True
6020	8593	1	1	0	0	3242	3242	[7078]	True
6035	8616	1	1	0	0	260	260	[55095]	True
6036	8617	1	1	0	0	1057	1057	[6958]	True
6037	8622	2	2	0	0	2695	2358	[12200, 6996]	True
6066	8676	1	1	0	0	3462	3462	[8596]	True
6086	8716	1	0	0	1	2371	2371	[7196]	True
6102	8740	1	1	0	0	1783	1783	[7545]	True
6129	8789	1	1	0	0	2905	2905	[7270]	True
6137	8824	4	1	0	3	10288	5407	[17951, 25564, 7333, 25999]	True
6146	8840	1	1	0	0	2741	2741	[7315]	True
6156	8854	2	2	0	0	8066	5940	[12412, 7370]	True
6165	8876	1	1	0	0	1402	1402	[7486]	True
6169	8880	1	1	0	0	3871	3871	[7376]	True
6175	8892	1	1	0	0	2880	2880	[53109]	True
6183	8909	2	0	1	1	2101	1113	[9223, 30435]	True
6222	8966	1	1	0	0	1938	1938	[7646]	True
6239	8986	2	1	0	1	2529	2179	[37512, 37472]	True
6242	8994	4	1	0	3	5603	1800	[41789, 61669, 7527, 61573]	True
6251	9005	2	1	0	1	2350	1279	[7583, 7989]	True
6268	9062	1	1	0	0	1469	1469	[7814]	True
6272	9066	1	1	0	0	1353	1353	[34292]	True
6283	9082	3	0	0	3	6859	5796	[53962, 47248, 50355]	True
6289	9088	7	3	0	4	7555	2880	[55712, 58447, 57378, 56349, 7650, 30629, 11594]	True
6295	9096	3	1	1	1	5560	2880	[7662, 50349, 53637]	True
6315	9145	1	1	0	0	1965	1965	[7708]	True
6318	9148	1	0	0	1	1802	1802	[7715]	True
6321	9159	1	1	0	0	1952	1952	[7738]	True
6339	9187	2	1	1	0	1523	1008	[37904, 7812]	True
6343	9191	1	1	0	0	5221	5221	[26066]	True
6349	9208	3	2	0	1	16152	12052	[20843, 22677, 7828]	True
6359	9229	1	1	0	0	1637	1637	[7882]	True
6364	9238	5	0	1	4	19480	11000	[58194, 49399, 55284, 58190, 51053]	True
6400	9291	1	1	0	0	458	458	[7971]	True
6409	9310	1	1	0	0	197	197	[8092]	True
6414	9315	1	1	0	0	3447	3447	[8006]	True
6420	9323	1	1	0	0	1144	1144	[8528]	True
6429	9332	4	1	0	3	12148	5603	[13801, 8046, 24657, 24659]	True
6432	9337	4	1	0	3	13696	9008	[23339, 8064, 51237, 52370]	True
6445	9353	2	1	0	1	4158	2782	[8360, 39338]	True
6473	9421	1	1	0	0	4021	4021	[8776]	True
6481	9443	1	1	0	0	2186	2186	[8322]	True
6485	9455	1	1	0	0	968	968	[8386]	True
6488	9460	1	1	0	0	4252	4252	[8320]	True
6499	9478	3	1	0	2	6821	2827	[55163, 8267, 24452]	True
6501	9480	2	2	0	0	674	578	[8284, 8282]	True
6556	9567	1	0	0	1	3200	3200	[20935]	True
6558	9569	1	1	0	0	3841	3841	[8972]	True
6559	9571	2	1	0	1	5227	2827	[63147, 9285]	True
6565	9579	4	1	0	3	32100	14400	[8412, 56991, 56989, 59206]	True
6568	9584	1	1	0	0	1738	1738	[8701]	True
6585	9609	3	2	0	1	6668	2920	[8504, 61835, 40033]	True
6603	9631	3	1	0	2	7481	3511	[10129, 23286, 23753]	True
6610	9647	1	1	0	0	876	876	[8844]	True
6623	9661	1	1	0	0	694	694	[8538]	True
6631	9672	2	1	0	1	3727	2917	[8756, 13525]	True
6650	9714	2	2	0	0	3406	2741	[9111, 9115]	True
6658	9723	4	1	1	2	7544	2700	[60460, 17464, 17470, 60458]	True
6661	9730	2	2	0	0	4948	3974	[8614, 8616]	True
6671	9744	1	1	0	0	3240	3240	[8732]	True
6675	9748	2	2	0	0	2301	1800	[12593, 56796]	True
6703	9803	1	1	0	0	2505	2505	[8762]	True
6711	9820	1	0	0	1	1505	1505	[12164]	True
6737	9866	2	2	0	0	2390	1982	[31765, 11183]	True
6739	9868	1	1	0	0	949	949	[8840]	True
6751	9882	4	2	0	2	9291	3984	[8876, 35079, 26240, 16040]	True
6761	9897	2	2	0	0	4837	2719	[8904, 8908]	True
6770	9910	2	2	0	0	2499	1785	[8940, 40360]	True
6773	9923	1	1	0	0	1800	1800	[51408]	True
6783	9939	1	1	0	0	1918	1918	[9698]	True
6784	9940	1	1	0	0	2620	2620	[8996]	True
6785	9942	1	1	0	0	4234	4234	[8990]	True
6790	9947	1	1	0	0	3670	3670	[9002]	True
6801	9966	1	1	0	0	1200	1200	[52720]	True
6810	9977	2	0	1	1	5468	4482	[9049, 15228]	True
6815	9982	1	1	0	0	1079	1079	[10210]	True
6818	9989	1	1	0	0	3310	3310	[9062]	True
6826	10003	2	0	0	2	1550	1536	[52256, 31781]	True
6840	10030	2	1	0	1	2262	1318	[9113, 28678]	True
6847	10040	1	0	0	1	1302	1302	[30777]	True
6876	10090	1	1	0	0	1568	1568	[9371]	True
6912	10163	1	1	0	0	1950	1950	[9416]	True
6917	10168	5	1	0	4	14079	3912	[9686, 10400, 9430, 9702, 36801]	True
6942	10202	2	1	1	0	3981	2481	[53189, 9496]	True
6944	10204	2	2	0	0	3510	2291	[9543, 17746]	True
6952	10220	1	1	0	0	508	508	[9556]	True
6963	10240	1	1	0	0	1462	1462	[9585]	True
6972	10260	1	1	0	0	3703	3703	[10073]	True
6981	10283	3	1	0	2	7415	5594	[12652, 12298, 37431]	True
6987	10319	2	2	0	0	44069	35871	[11667, 9696]	True
6988	10324	6	2	0	4	16991	9480	[9706, 31009, 29430, 59842, 31011, 57705]	True
6995	10337	1	1	0	0	2030	2030	[9717]	True
6996	10338	1	1	0	0	2817	2817	[9823]	True
7001	10348	1	1	0	0	2249	2249	[39825]	True
7004	10351	1	1	0	0	1403	1403	[10464]	True
7028	10402	1	1	0	0	131	131	[9793]	True
7056	10455	1	1	0	0	2307	2307	[14593]	True
7088	10525	2	1	0	1	3929	2182	[46960, 9999]	True
7105	10550	4	3	1	0	3170	2103	[45099, 28776, 55045, 45091]	True
7106	10551	2	1	0	1	5206	4163	[30173, 10092]	True
7109	10554	1	1	0	0	849	849	[10202]	True
7129	10580	1	1	0	0	2134	2134	[10087]	True
7131	10582	1	1	0	0	1358	1358	[11077]	True
7150	10630	3	1	0	2	5305	1800	[47136, 45158, 47935]	True
7154	10634	1	1	0	0	2880	2880	[59296]	True
7180	10679	2	2	0	0	1304	1245	[57940, 24205]	True
7197	10718	1	1	0	0	3015	3015	[35417]	True
7206	10737	1	1	0	0	2165	2165	[10286]	True
7207	10738	2	2	0	0	5457	3361	[10402, 10446]	True
7209	10740	5	2	0	3	70691	48000	[62529, 53452, 53817, 29541, 40320]	True
7214	10772	1	1	0	0	2417	2417	[10421]	True
7217	10775	4	1	0	3	15706	9307	[11296, 60571, 10824, 42832]	True
7229	10787	1	1	0	0	1137	1137	[10581]	True
7231	10789	1	0	0	1	4275	4275	[10426]	True
7238	10807	4	2	0	2	15290	6932	[53809, 55666, 10361, 37376]	True
7261	10869	1	1	0	0	1580	1580	[10526]	True
7305	10937	1	1	0	0	3585	3585	[10662]	True
7310	10942	1	1	0	0	1227	1227	[10622]	True
7320	10965	1	1	0	0	1647	1647	[14187]	True
7355	11012	1	1	0	0	610	610	[23185]	True
7380	11056	3	3	0	0	1060	947	[44602, 10828, 23550]	True
7390	11071	6	1	1	4	15268	5120	[42178, 42172, 10830, 44012, 30828, 17298]	True
7391	11072	2	2	0	0	1998	1799	[10810, 32019]	True
7393	11079	1	1	0	0	2404	2404	[42790]	True
7397	11092	1	1	0	0	1235	1235	[29181]	True
7428	11162	3	3	0	0	5349	1947	[24470, 10926, 24468]	True
7433	11169	2	2	0	0	1003	950	[17985, 11071]	True
7436	11181	1	1	0	0	3500	3500	[53534]	True
7440	11191	1	1	0	0	2880	2880	[55523]	True
7449	11209	3	1	0	2	5962	3173	[25824, 11002, 61201]	True
7468	11245	1	1	0	0	2576	2576	[11073]	True
7472	11258	3	0	0	3	11568	6937	[11091, 13110, 11384]	True
7491	11286	1	1	0	0	4882	4882	[11154]	True
7533	11392	3	1	0	2	1882	1027	[39274, 44196, 11638]	True
7573	11465	1	1	0	0	1682	1682	[11380]	True
7584	11478	4	2	0	2	21107	8912	[11389, 44820, 15287, 32951]	True
7599	11493	1	1	0	0	834	834	[12256]	True
7606	11504	1	1	0	0	1364	1364	[12471]	True
7610	11508	1	0	0	1	3797	3797	[13690]	True
7624	11531	1	1	0	0	1186	1186	[23843]	True
7629	11536	1	0	0	1	2744	2744	[15514]	True
7636	11549	3	1	0	2	14979	10444	[11598, 11499, 63769]	True
7643	11560	1	1	0	0	4478	4478	[11516]	True
7644	11561	1	1	0	0	1528	1528	[11967]	True
7652	11569	1	1	0	0	1177	1177	[11556]	True
7656	11575	2	1	0	1	8056	5000	[18677, 55264]	True
7662	11583	1	1	0	0	675	675	[11766]	True
7691	11642	1	1	0	0	3605	3605	[12545]	True
7693	11644	1	0	0	1	3589	3589	[11691]	True
7694	11645	1	1	0	0	3691	3691	[12698]	True
7709	11668	2	1	0	1	6290	4002	[46986, 36472]	True
7713	11672	2	1	0	1	10629	8900	[11834, 50135]	True
7717	11676	1	1	0	0	2828	2828	[11725]	True
7719	11680	3	1	0	2	3950	1500	[62095, 11731, 18393]	True
7725	11688	1	1	0	0	1330	1330	[11895]	True
7729	11692	1	1	0	0	1665	1665	[13821]	True
7741	11708	3	1	0	2	4450	2400	[45678, 49718, 11784]	True
7765	11771	2	1	0	1	3595	1814	[13017, 62982]	True
7788	11847	1	1	0	0	2402	2402	[27573]	True
7795	11856	3	2	0	1	10574	4826	[14752, 14750, 35358]	True
7807	11870	1	1	0	0	2390	2390	[11971]	True
7809	11872	1	1	0	0	1946	1946	[46900]	True
7850	11933	3	1	0	2	4508	1789	[66067, 66068, 12058]	True
7853	11942	1	1	0	0	4230	4230	[12095]	True
7887	12017	1	1	0	0	3257	3257	[48575]	True
7888	12018	1	1	0	0	2378	2378	[12212]	True
7910	12060	1	1	0	0	3588	3588	[12561]	True
7930	12088	1	1	0	0	1159	1159	[39320]	True
7974	12151	1	1	0	0	1428	1428	[16081]	True
7981	12169	2	2	0	0	3908	3699	[37415, 12551]	True
8002	12218	1	1	0	0	2490	2490	[12968]	True
8019	12245	1	1	0	0	2400	2400	[51436]	True
8039	12283	1	1	0	0	1644	1644	[13757]	True
8057	12329	1	1	0	0	837707	837707	[12673]	True
8070	12353	4	1	0	3	11689	3895	[52855, 14159, 12723, 14154]	True
8074	12359	1	1	0	0	759	759	[12792]	True
8088	12383	1	1	0	0	3898	3898	[12800]	True
8105	12404	2	2	0	0	7412	6000	[52646, 13046]	True
8122	12428	1	1	0	0	2200	2200	[12837]	True
8168	12492	4	3	0	1	4757	3678	[22626, 53101, 15275, 26825]	True
8169	12497	4	2	0	2	1659	1341	[65944, 54036, 12984, 12974]	True
8192	12533	1	1	0	0	2176	2176	[13034]	True
8199	12542	1	1	0	0	4739	4739	[13000]	True
8215	12562	1	1	0	0	4172	4172	[13588]	True
8216	12563	1	1	0	0	2188	2188	[13688]	True
8235	12600	1	1	0	0	7470	7470	[13329]	True
8289	12695	1	1	0	0	1057	1057	[13278]	True
8292	12698	2	2	0	0	1842	1552	[13706, 14023]	True
8293	12699	1	1	0	0	3720	3720	[13288]	True
8325	12775	5	4	0	1	8936	3868	[13662, 13665, 16952, 13668, 13670]	True
8329	12783	1	1	0	0	2311	2311	[13423]	True
8343	12811	1	1	0	0	14624	14624	[13427]	True
8348	12818	2	1	0	1	31134	30556	[31993, 13451]	True
8356	12834	1	1	0	0	2773	2773	[13485]	True
8375	12870	2	1	0	1	2645	1665	[18797, 13566]	True
8385	12884	1	1	0	0	1987	1987	[13600]	True
8407	12944	2	1	0	1	4838	3001	[37894, 34284]	True
8410	12948	1	1	0	0	1057	1057	[13700]	True
8422	12972	3	1	0	2	4043	2400	[13730, 17629, 51945]	True
8430	12992	1	0	0	1	2291	2291	[13777]	True
8440	13007	1	1	0	0	1575	1575	[13803]	True
8450	13020	1	1	0	0	2543	2543	[13819]	True
8456	13026	1	1	0	0	687	687	[14791]	True
8490	13086	1	1	0	0	1758	1758	[53498]	True
8503	13102	3	3	0	0	1578	1086	[14278, 41084, 13950]	True
8511	13113	2	1	0	1	4545	2453	[42386, 24335]	True
8524	13141	4	4	0	0	5828	2593	[14507, 14029, 14509, 14037]	True
8538	13178	1	1	0	0	803	803	[18289]	True
8569	13234	3	1	0	2	3249	1700	[14198, 29688, 29682]	True
8575	13246	1	1	0	0	1575	1575	[14222]	True
8584	13264	4	0	0	4	8544	4745	[16012, 31706, 19824, 21949]	True
8616	13334	1	0	0	1	2216	2216	[14839]	True
8622	13342	2	1	0	1	3843	2425	[14533, 22042]	True
8659	13408	1	0	0	1	592	592	[14827]	True
8693	13463	1	1	0	0	1703	1703	[38412]	True
8767	13609	4	1	0	3	7027	3387	[15441, 15443, 14841, 19421]	True
8770	13616	1	1	0	0	2153	2153	[22278]	True
8777	13623	1	1	0	0	863	863	[14853]	True
8809	13680	1	1	0	0	1335	1335	[14923]	True
8814	13703	1	1	0	0	835	835	[18169]	True
8817	13706	1	1	0	0	4944	4944	[16138]	True
8823	13712	2	2	0	0	1192	1192	[14977, 14979]	True
8825	13714	4	1	0	3	10704	3818	[15243, 19053, 31182, 19135]	True
8843	13738	1	1	0	0	5926	5926	[15231]	True
8844	13739	1	1	0	0	5700	5700	[15162]	True
8853	13758	1	1	0	0	2511	2511	[15185]	True
8863	13780	1	1	0	0	1030	1030	[15102]	True
8889	13821	1	1	0	0	2847	2847	[15171]	True
8895	13839	2	1	0	1	7592	4963	[20199, 27463]	True
8897	13841	3	2	0	1	5256	2880	[15201, 63296, 57188]	True
8899	13846	1	0	1	0	9411	9411	[15212]	True
8903	13855	1	1	0	0	1352	1352	[15226]	True
8913	13873	1	1	0	0	3896	3896	[15251]	True
8924	13888	2	1	0	1	3329	1921	[23011, 57588]	True
8942	13927	1	1	0	0	1367	1367	[16419]	True
8966	13978	1	1	0	0	1621	1621	[15427]	True
8969	13985	1	1	0	0	2310	2310	[18272]	True
8975	13998	1	1	0	0	None	None	[54769]	True
8976	13999	1	1	0	0	2557	2557	[19597]	True
8980	14010	1	0	0	1	3600	3600	[56973]	True
8995	14034	1	1	0	0	2007	2007	[15493]	True
8999	14049	4	3	0	1	9883	4375	[50791, 19704, 15520, 15550]	True
9016	14080	0	0	0	0	None	None	[None]	True
9017	14081	3	1	0	2	8863	5214	[38604, 17510, 17783]	True
9019	14083	1	1	0	0	1038	1038	[15582]	True
9020	14084	2	1	0	1	4241	2191	[40731, 22181]	True
9066	14157	1	1	0	0	3296	3296	[15683]	True
9081	14174	1	1	0	0	3441	3441	[54704]	True
9098	14194	1	1	0	0	1856	1856	[15823]	True
9103	14199	8	6	0	2	42357	14982	[29331, 17572, 58640, 15805, 47866, 21483, 29340, 29336]	True
9105	14201	3	1	0	2	4447	1807	[25566, 49935, 49937]	True
9116	14214	1	1	0	0	3694	3694	[15778]	True
9155	14263	5	1	1	3	9731	3215	[17602, 16046, 20576, 20767, 18285]	True
9171	14287	1	1	0	0	3390	3390	[22391]	True
9191	14320	4	1	0	3	11191	3548	[38137, 27934, 15960, 60739]	True
9208	14343	2	1	0	1	6554	3541	[16178, 15998]	True
9213	14348	1	1	0	0	6329	6329	[15996]	True
9215	14352	2	2	0	0	1739	1739	[56171, 16602]	True
9217	14356	1	1	0	0	1068	1068	[16107]	True
9225	14372	1	1	0	0	802	802	[16754]	True
9226	14373	1	1	0	0	5280	5280	[49846]	True
9229	14376	2	2	0	0	1575	1575	[17490, 57688]	True
9243	14398	4	1	0	3	8564	3500	[45019, 61635, 16395, 52485]	True
9248	14409	2	1	0	1	3826	2400	[50377, 16140]	True
9249	14412	2	2	0	0	1826	1683	[36161, 16098]	True
9258	14421	1	1	0	0	909	909	[16304]	True
9270	14440	1	1	0	0	918	918	[16144]	True
9316	14526	3	2	0	1	6808	3366	[35176, 16314, 16288]	True
9333	14547	1	1	0	0	2806	2806	[16322]	True
9342	14566	2	1	0	1	7188	5892	[16771, 43140]	True
9347	14575	2	2	0	0	5280	2880	[60761, 60763]	True
9353	14582	2	1	0	1	2663	1704	[41584, 16600]	True
9369	14605	1	1	0	0	3332	3332	[16433]	True
9407	14662	1	1	0	0	2107	2107	[16527]	True
9413	14670	2	1	0	1	7417	5959	[16546, 20185]	True
9417	14681	3	2	0	1	6484	3033	[40438, 17368, 50353]	True
9448	14730	1	1	0	0	1595	1595	[16648]	True
9459	14744	3	1	0	2	4151	1995	[45754, 46357, 16674]	True
9465	14752	1	1	0	0	4071	4071	[16682]	True
9468	14755	2	1	0	1	2849	1779	[16828, 44836]	True
9494	14788	1	1	0	0	2261	2261	[16752]	True
9509	14813	1	1	0	0	13159	13159	[16781]	True
9518	14832	1	1	0	0	1299	1299	[17426]	True
9534	14859	2	1	0	1	4572	3500	[16877, 62695]	True
9537	14862	2	1	0	1	5617	3639	[24173, 16879]	True
9543	14874	4	1	0	3	11572	6631	[55139, 35662, 17316, 17127]	True
9546	14877	3	1	0	2	4385	2812	[17296, 60488, 17046]	True
9549	14880	1	1	0	0	2661	2661	[16954]	True
9568	14909	1	1	0	0	3493	3493	[17262]	True
9569	14911	1	1	0	0	615	615	[16979]	True
9572	14921	1	1	0	0	1941	1941	[17000]	True
9573	14922	1	1	0	0	5325	5325	[17005]	True
9576	14925	1	1	0	0	1848	1848	[17011]	True
9582	14939	2	2	0	0	5012	2900	[20723, 63740]	True
9590	14951	1	1	0	0	4171	4171	[17144]	True
9611	15001	1	0	0	1	2679	2679	[17129]	True
9613	15005	1	1	0	0	2611	2611	[17542]	True
9633	15029	3	1	0	2	6413	4203	[18185, 51157, 46604]	True
9666	15106	3	2	0	1	5533	2925	[17614, 42739, 17334]	True
9681	15131	1	1	0	0	2036	2036	[17342]	True
9706	15180	1	1	0	0	2013	2013	[17815]	True
9737	15247	1	1	0	0	2045	2045	[18094]	True
9742	15252	3	1	0	2	9035	5780	[20584, 40259, 17651]	True
9745	15257	1	1	0	0	1415	1415	[17608]	True
9747	15259	3	1	0	2	6850	2933	[19769, 18569, 18555]	True
9750	15262	1	0	0	1	1889	1889	[17549]	True
9756	15270	1	1	0	0	909	909	[17564]	True
9771	15293	1	1	0	0	3168	3168	[22831]	True
9776	15305	1	1	0	0	1978	1978	[17633]	True
9780	15309	1	1	0	0	1728	1728	[18136]	True
9782	15316	1	1	0	0	1073	1073	[18090]	True
9796	15340	1	1	0	0	1157	1157	[44746]	True
9798	15344	1	1	0	0	644	644	[17697]	True
9873	15486	1	1	0	0	2576	2576	[19145]	True
9874	15490	2	1	0	1	3258	2829	[28133, 17955]	True
9875	15491	1	1	0	0	2880	2880	[60620]	True
9878	15496	2	1	0	1	5306	3732	[62709, 52906]	True
9892	15528	1	1	0	0	2880	2880	[52559]	True
9899	15541	1	1	0	0	3628	3628	[18043]	True
9903	15549	2	0	0	2	7458	5685	[18080, 18240]	True
9910	15566	1	1	0	0	1385	1385	[18179]	True
9915	15579	1	1	0	0	482	482	[18096]	True
9947	15628	1	1	0	0	1460	1460	[18197]	True
9953	15636	1	1	0	0	3947	3947	[18307]	True
9975	15670	1	1	0	0	3409	3409	[18366]	True
9980	15675	4	2	0	2	11727	3840	[59406, 30803, 59052, 18625]	True
9985	15687	2	1	0	1	3369	2842	[23536, 18362]	True
10026	15761	2	1	0	1	4509	2343	[59643, 18395]	True
10031	15770	1	1	0	0	964	964	[21144]	True
10046	15807	1	1	0	0	1860	1860	[18454]	True
10067	15842	1	1	0	0	1947	1947	[18551]	True
10073	15853	1	1	0	0	555	555	[18563]	True
10108	15927	1	1	0	0	2307	2307	[18851]	True
10122	15948	1	1	0	0	2055	2055	[18717]	True
10149	16004	1	1	0	0	2250	2250	[23671]	True
10168	16046	4	2	0	2	7573	2686	[40898, 48152, 49307, 45371]	True
10170	16048	1	1	0	0	3032	3032	[25228]	True
10197	16115	5	1	0	4	13677	5396	[53611, 41974, 19011, 41343, 40801]	True
10250	16212	1	1	0	0	2037	2037	[19670]	True
10262	16228	1	1	0	0	1161	1161	[20136]	True
10269	16235	2	2	0	0	4421	3269	[24618, 24620]	True
10275	16246	1	1	0	0	2553	2553	[25115]	True
10282	16258	3	3	0	0	9340	4866	[19300, 24973, 24971]	True
10290	16288	1	1	0	0	1956	1956	[19337]	True
10292	16293	2	2	0	0	5233	3206	[52986, 19357]	True
10307	16330	1	1	0	0	13263	13263	[19391]	True
10361	16469	1	1	0	0	1697	1697	[19535]	True
10366	16480	2	1	0	1	2643	1487	[19756, 19562]	True
10417	16585	1	1	0	0	1962	1962	[19798]	True
10424	16596	1	1	0	0	5571	5571	[19752]	True
10436	16624	2	2	0	0	1590	965	[19790, 19792]	True
10457	16660	1	1	0	0	4948	4948	[25165]	True
10463	16683	1	1	0	0	406	406	[20219]	True
10478	16711	2	1	0	1	3055	2204	[21730, 44226]	True
10499	16739	1	1	0	0	2075	2075	[19990]	True
10503	16751	1	1	0	0	2285	2285	[19960]	True
10508	16762	1	1	0	0	860	860	[19996]	True
10519	16787	1	1	0	0	2590	2590	[20100]	True
10531	16807	1	1	0	0	751	751	[20060]	True
10538	16817	1	1	0	0	2463	2463	[20169]	True
10572	16899	1	1	0	0	10623	10623	[20195]	True
10578	16909	1	1	0	0	1682	1682	[20215]	True
10579	16910	1	1	0	0	1925	1925	[20217]	True
10585	16921	1	1	0	0	1800	1800	[51776]	True
10587	16923	1	1	0	0	1689	1689	[20244]	True
10588	16924	3	2	0	1	6373	2851	[20266, 20262, 30095]	True
10594	16932	1	1	0	0	831	831	[21056]	True
10604	16945	1	1	0	0	2418	2418	[24408]	True
10614	16969	1	1	0	0	1053	1053	[20437]	True
10632	17001	1	1	0	0	3496	3496	[20347]	True
10640	17016	5	2	0	3	3763	1680	[20799, 20827, 36882, 20785, 20719]	True
10647	17024	1	0	1	0	2908	2908	[20373]	True
10650	17028	2	0	0	2	9213	5223	[22385, 28398]	True
10660	17047	1	1	0	0	708	708	[20433]	True
10679	17084	5	0	0	5	6432	2485	[41986, 32305, 41988, 41247, 41245]	True
10694	17146	1	1	0	0	2793	2793	[21255]	True
10703	17167	1	1	0	0	3255	3255	[31761]	True
10728	17205	3	3	0	0	4279	1933	[22813, 45079, 45077]	True
10736	17215	1	1	0	0	4829	4829	[22433]	True
10742	17225	2	1	0	1	5137	3163	[20681, 57015]	True
10747	17235	1	1	0	0	1644	1644	[20693]	True
10760	17256	2	1	0	1	11640	11106	[23630, 37261]	True
10783	17302	1	1	0	0	709	709	[21114]	True
10829	17396	1	1	0	0	1897	1897	[23643]	True
10834	17407	1	1	0	0	2400	2400	[30901]	True
10837	17410	3	2	0	1	5341	2199	[33124, 22752, 20979]	True
10849	17432	1	1	0	0	1798	1798	[27103]	True
10868	17471	1	1	0	0	1000	1000	[53058]	True
10870	17473	2	2	0	0	4742	3542	[57716, 24661]	True
10872	17475	1	1	0	0	3385	3385	[21126]	True
10891	17527	2	2	0	0	5753	4610	[21186, 21194]	True
10905	17562	2	1	0	1	4794	4181	[57474, 33617]	True
10912	17573	1	1	0	0	2643	2643	[21259]	True
10943	17645	1	1	0	0	770	770	[21375]	True
10991	17738	2	2	0	0	3762	2880	[62124, 33765]	True
10995	17742	1	1	0	0	2146	2146	[21931]	True
11008	17766	3	1	0	2	2774	1946	[21592, 28704, 28696]	True
11011	17769	1	1	0	0	2223	2223	[26322]	True
11021	17802	1	1	0	0	686	686	[42608]	True
11040	17830	1	1	0	0	1968	1968	[43349]	True
11047	17841	1	1	0	0	2632	2632	[22173]	True
11063	17867	1	1	0	0	1166	1166	[21879]	True
11067	17879	1	1	0	0	7695	7695	[21732]	True
11074	17894	5	1	0	4	16421	6229	[43098, 51924, 22686, 51978, 38742]	True
11087	17928	5	0	0	5	11639	4096	[50749, 42441, 45265, 29795, 42437]	True
11110	17972	2	2	0	0	2735	1555	[21869, 22280]	True
11114	17976	5	0	0	5	13945	5280	[45387, 45473, 45451, 22258, 41411]	True
11116	17978	1	1	0	0	2334	2334	[21889]	True
11118	17981	2	1	0	1	7210	5411	[22111, 57472]	True
11135	18007	3	1	0	2	5480	2400	[58032, 34868, 21875]	True
11151	18042	1	1	0	0	428	428	[23250]	True
11152	18043	1	1	0	0	1939	1939	[22082]	True
11163	18074	1	1	0	0	6988	6988	[28573]	True
11164	18077	3	1	0	2	10933	10533	[57192, 56812, 22902]	True
11170	18098	1	1	0	0	1553	1553	[22177]	True
11190	18149	1	1	0	0	2170	2170	[22962]	True
11200	18169	1	1	0	0	4324	4324	[22662]	True
11204	18180	2	2	0	0	5077	3253	[43661, 22123]	True
11209	18193	1	1	0	0	7587	7587	[22791]	True
11221	18213	3	0	0	3	9120	4422	[39919, 22236, 46620]	True
11231	18261	1	1	0	0	1922	1922	[61342]	True
11237	18269	2	1	0	1	4761	2400	[22835, 49384]	True
11273	18368	1	1	0	0	7217	7217	[22537]	True
11297	18415	3	1	0	2	18868	9710	[22520, 43439, 22527]	True
11308	18449	1	1	0	0	1270	1270	[22624]	True
11322	18472	2	1	0	1	4025	2400	[62751, 22754]	True
11324	18474	1	1	0	0	1903	1903	[24327]	True
11360	18578	4	1	0	3	9033	3466	[23158, 23994, 39051, 37731]	True
11399	18643	1	1	0	0	1894	1894	[23386]	True
11453	18725	5	5	0	0	25584	8652	[57839, 25962, 23001, 25964, 23727]	True
11458	18734	2	2	0	0	2592	2217	[22995, 22997]	True
11502	18827	2	1	0	1	2987	1561	[43744, 33319]	True
11520	18872	1	1	0	0	2258	2258	[23179]	True
11553	18935	2	2	0	0	4273	3501	[30931, 29736]	True
11594	19028	1	1	0	0	628	628	[24448]	True
11606	19048	1	1	0	0	2656	2656	[24160]	True
11617	19068	3	2	0	1	22129	17022	[46225, 46215, 23400]	True
11626	19079	2	1	0	1	3963	2747	[50711, 24179]	True
11659	19142	2	2	0	0	2303	1800	[59942, 24522]	True
11675	19177	1	1	0	0	1843	1843	[25056]	True
11691	19214	1	1	0	0	2206	2206	[23845]	True
11738	19290	2	1	0	1	2355	1363	[24539, 23932]	True
11747	19310	2	1	0	1	5923	4412	[23977, 43784]	True
11753	19323	1	1	0	0	3558	3558	[24929]	True
11783	19406	1	0	1	0	1197	1197	[28729]	True
11796	19450	1	1	0	0	3615	3615	[23963]	True
11801	19460	1	1	0	0	5167	5167	[24002]	True
11829	19546	1	1	0	0	1290	1290	[25075]	True
11838	19563	1	1	0	0	1082	1082	[24156]	True
11840	19565	1	1	0	0	2224	2224	[24168]	True
11868	19617	1	1	0	0	1082	1082	[26047]	True
11871	19620	1	1	0	0	9769	9769	[24476]	True
11875	19626	2	0	1	1	3988	2258	[25023, 24442]	True
11877	19628	0	0	0	0	None	None	[None]	True
11890	19668	3	1	0	2	6008	3414	[38123, 48518, 25270]	True
11914	19731	1	1	0	0	2832	2832	[24668]	True
11955	19821	1	1	0	0	3429	3429	[24645]	True
11980	19887	1	1	0	0	1972	1972	[28993]	True
11985	19892	1	1	0	0	101684	101684	[31874]	True
11991	19906	1	1	0	0	3465	3465	[32059]	True
11995	19914	2	1	0	1	5534	3134	[61253, 27836]	True
12040	20047	1	1	0	0	2025	2025	[25655]	True
12049	20065	1	1	0	0	3847	3847	[25801]	True
12064	20104	1	1	0	0	2244	2244	[24977]	True
12092	20152	1	1	0	0	363	363	[25061]	True
12096	20156	5	3	0	2	2189	1059	[61532, 40807, 30023, 32843, 62842]	True
12103	20167	1	1	0	0	2668	2668	[30872]	True
12108	20180	5	2	0	3	7578	2459	[53832, 60015, 60013, 31110, 52788]	True
12119	20217	3	1	0	2	11821	5280	[64276, 25153, 49602]	True
12124	20228	1	1	0	0	682	682	[25171]	True
12176	20336	1	1	0	0	2898	2898	[30662]	True
12177	20337	1	1	0	0	1209	1209	[25449]	True
12183	20367	1	1	0	0	1665	1665	[27704]	True
12190	20375	3	2	1	0	15265	10722	[25473, 25503, 43152]	True
12198	20397	4	1	0	3	15584	6410	[38289, 38378, 25427, 47947]	True
12202	20405	1	1	0	0	2024	2024	[25450]	True
12214	20447	3	2	1	0	5212	4613	[34995, 29592, 25558]	True
12244	20500	1	1	0	0	2471	2471	[25663]	True
12245	20505	1	1	0	0	1081	1081	[37243]	True
12276	20577	2	1	0	1	1687	1064	[41353, 25775]	True
12302	20630	1	1	0	0	1675	1675	[25811]	True
12329	20696	1	1	0	0	1953	1953	[25932]	True
12368	20796	2	1	0	1	6855	4355	[39518, 51035]	True
12391	20841	1	1	0	0	13327	13327	[26172]	True
12394	20844	1	1	0	0	1394	1394	[26178]	True
12400	20864	1	1	0	0	3068	3068	[39538]	True
12403	20869	1	1	0	0	680	680	[26207]	True
12404	20872	2	2	0	0	3477	2369	[26890, 46642]	True
12421	20934	1	1	0	0	3058	3058	[26638]	True
12454	21020	1	1	0	0	4006	4006	[26467]	True
12455	21021	2	1	0	1	6574	4010	[47540, 26686]	True
12466	21040	2	1	0	1	2195	1121	[29506, 29504]	True
12467	21041	1	1	0	0	3262	3262	[26501]	True
12497	21102	1	1	0	0	2010	2010	[27094]	True
12512	21140	1	1	0	0	4174	4174	[27524]	True
12515	21148	4	3	0	1	4508	2768	[26679, 31663, 31664, 31665]	True
12532	21169	3	1	0	2	3816	3000	[51747, 36514, 51741]	True
12533	21170	1	1	0	0	3580	3580	[26700]	True
12535	21179	2	1	0	1	9766	6962	[28077, 36759]	True
12537	21182	3	0	1	2	6358	5082	[26713, 37044, 37045]	True
12550	21210	2	2	0	0	15593	13000	[62268, 27374]	True
12566	21234	1	1	0	0	1261	1261	[26778]	True
12567	21235	0	0	0	0	None	None	[None]	True
12598	21314	3	1	0	2	4496	1759	[28343, 26900, 54199]	True
12618	21341	1	1	0	0	2715	2715	[28742]	True
12684	21473	2	1	0	1	4743	4009	[46703, 27211]	True
12734	21569	1	1	0	0	2646	2646	[28769]	True
12754	21621	2	2	0	0	1895	1231	[34482, 27522]	True
12770	21659	1	1	0	0	582	582	[27556]	True
12774	21665	1	1	0	0	1348	1348	[27738]	True
12789	21697	1	1	0	0	1800	1800	[52431]	True
12841	21848	1	1	0	0	2116	2116	[27854]	True
12857	21882	1	0	1	0	2357	2357	[27900]	True
12910	21984	2	2	0	0	3610	2000	[60993, 30227]	True
12921	22003	1	1	0	0	3787	3787	[28121]	True
12925	22009	1	1	0	0	2856	2856	[28131]	True
12961	22108	1	1	0	0	4829	4829	[28276]	True
12996	22184	1	1	0	0	2831	2831	[28405]	True
13001	22205	2	1	1	0	3601	1801	[29665, 28494]	True
13019	22251	1	1	0	0	6569	6569	[28521]	True
13123	22499	1	1	0	0	1917	1917	[29061]	True
13132	22515	1	1	0	0	1025	1025	[28958]	True
13135	22519	1	1	0	0	675	675	[28964]	True
13142	22526	1	1	0	0	2087	2087	[29055]	True
13151	22535	1	1	0	0	1103	1103	[29532]	True
13154	22541	2	1	0	1	9125	7862	[45752, 33094]	True
13166	22571	1	1	0	0	2195	2195	[34863]	True
13186	22619	1	1	0	0	2845	2845	[29165]	True
13205	22649	2	1	0	1	13774	12391	[46525, 29229]	True
13206	22650	3	0	0	3	1123	1013	[48691, 38392, 32475]	True
13228	22696	1	1	0	0	377	377	[29307]	True
13234	22711	1	1	0	0	3435	3435	[35600]	True
13242	22730	2	1	0	1	6314	5400	[58260, 29976]	True
13248	22743	3	3	0	0	5082	2704	[39807, 39811, 55323]	True
13249	22762	1	1	0	0	4507	4507	[31322]	True
13271	22830	1	1	0	0	1327	1327	[31799]	True
13278	22843	1	1	0	0	2034	2034	[29878]	True
13289	22874	2	1	0	1	8911	8000	[29581, 61735]	True
13309	22906	1	1	0	0	3136	3136	[29637]	True
13359	23041	1	1	0	0	2202	2202	[29819]	True
13363	23045	1	1	0	0	3717	3717	[30555]	True
13382	23089	1	1	0	0	946	946	[29913]	True
13395	23116	2	1	0	1	1886	1886	[57267, 60755]	True
13403	23131	3	3	0	0	5701	2400	[50901, 50903, 29995]	True
13405	23141	1	1	0	0	1155	1155	[30826]	True
13447	23226	1	1	0	0	1368	1368	[30312]	True
13461	23247	1	1	0	0	510	510	[30130]	True
13474	23269	2	2	0	0	1815	1444	[30306, 30308]	True
13486	23304	2	0	0	2	7836	4402	[35488, 39665]	True
13489	23309	3	2	0	1	9458	4015	[32567, 58870, 30258]	True
13490	23312	1	1	0	0	771	771	[30304]	True
13497	23324	1	0	0	1	1048	1048	[25803]	True
13546	23442	2	0	0	2	5391	4145	[35954, 34276]	True
13556	23477	1	1	0	0	2160	2160	[30537]	True
13568	23506	2	2	0	0	879	734	[39915, 35245]	True
13571	23511	2	1	0	1	2545	1535	[45353, 44958]	True
13597	23575	2	2	0	0	2126	1896	[31390, 34488]	True
13643	23691	1	1	0	0	834	834	[30856]	True
13653	23715	1	1	0	0	597	597	[30925]	True
13691	23798	1	1	0	0	600	600	[33434]	True
13695	23806	2	1	0	1	3231	2876	[32404, 31370]	True
13704	23815	1	1	0	0	1023	1023	[31096]	True
13705	23816	1	1	0	0	1745	1745	[31100]	True
13719	23840	1	1	0	0	2805	2805	[31146]	True
13724	23848	1	1	0	0	3596	3596	[31161]	True
13733	23862	1	1	0	0	1108	1108	[31297]	True
13751	23899	3	3	0	0	16146	7208	[31387, 31853, 31265]	True
13793	23978	5	2	0	3	6292	2669	[31584, 31613, 36018, 31521, 35494]	True
13823	24038	1	1	0	0	2272	2272	[31519]	True
13844	24078	1	1	0	0	1671	1671	[31658]	True
13864	24143	1	1	0	0	2803	2803	[31742]	True
13867	24147	1	1	0	0	2615	2615	[31670]	True
13874	24159	1	1	0	0	1957	1957	[31736]	True
13895	24226	3	2	0	1	5061	2608	[38882, 31807, 39089]	True
13897	24232	4	1	0	3	5593	1641	[33189, 43985, 46467, 45321]	True
13931	24320	1	0	1	0	5000	5000	[62228]	True
13939	24336	3	1	0	2	7703	3887	[61466, 58854, 32010]	True
13959	24391	2	2	0	0	6247	5547	[59709, 41445]	True
13961	24395	1	1	0	0	2578	2578	[32248]	True
14014	24500	3	2	0	1	5153	2070	[32325, 32327, 54823]	True
14017	24514	1	0	0	1	2283	2283	[63056]	True
14037	24576	1	0	0	1	4467	4467	[32560]	True
14048	24606	1	1	0	0	1913	1913	[32487]	True
14066	24651	1	1	0	0	693	693	[54660]	True
14071	24656	1	1	0	0	1663	1663	[33181]	True
14077	24664	1	1	0	0	2822	2822	[32563]	True
14089	24690	3	0	1	2	15837	13065	[47965, 46581, 49862]	True
14096	24714	1	1	0	0	2374	2374	[37708]	True
14103	24739	1	1	0	0	2768	2768	[32671]	True
14115	24806	1	1	0	0	553	553	[32740]	True
14139	24866	1	1	0	0	1177	1177	[34318]	True
14146	24887	1	1	0	0	2733	2733	[38133]	True
14151	24892	1	1	0	0	2506	2506	[32900]	True
14197	24998	1	1	0	0	3802	3802	[33138]	True
14201	25002	5	1	0	4	20281	11032	[45349, 60412, 33140, 46646, 63581]	True
14202	25008	1	1	0	0	2182	2182	[33092]	True
14212	25034	2	1	0	1	2666	1875	[61427, 66071]	True
14245	25100	1	1	0	0	1256	1256	[33237]	True
14251	25112	1	1	0	0	1590	1590	[33450]	True
14299	25248	1	1	0	0	1119	1119	[33438]	True
14345	25356	2	2	0	0	1349	1294	[56201, 33653]	True
14404	25484	1	1	0	0	827	827	[34041]	True
14420	25528	1	1	0	0	2497	2497	[35380]	True
14428	25542	1	1	0	0	2805	2805	[33952]	True
14441	25579	1	1	0	0	1418	1418	[34208]	True
14457	25631	3	3	0	0	1376	937	[34094, 34413, 34092]	True
14460	25644	1	1	0	0	2994	2994	[34098]	True
14477	25679	0	0	0	0	None	None	[None]	True
14481	25683	1	1	0	0	4049	4049	[34162]	True
14486	25694	1	1	0	0	1299	1299	[34186]	True
14490	25700	3	2	0	1	8511	4949	[34193, 39449, 34202]	True
14503	25733	1	1	0	0	2458	2458	[34266]	True
14524	25786	2	2	0	0	2890	2500	[60133, 34364]	True
14549	25837	2	2	0	0	7300	6138	[35070, 41435]	True
14550	25849	1	1	0	0	1122	1122	[34492]	True
14567	25881	1	1	0	0	10391	10391	[34563]	True
14582	25902	1	1	0	0	1164	1164	[34664]	True
14588	25916	1	1	0	0	6851	6851	[34623]	True
14590	25918	1	0	0	1	1365	1365	[64229]	True
14591	25920	3	1	0	2	12091	6470	[47340, 45892, 34634]	True
14597	25934	1	1	0	0	5728	5728	[34666]	True
14608	25960	3	1	0	2	2876	2400	[34706, 47681, 54747]	True
14632	26034	2	1	1	0	1388	980	[34806, 34808]	True
14639	26043	2	1	0	1	4332	2318	[43592, 53587]	True
14649	26070	1	1	0	0	6412	6412	[40682]	True
14650	26071	1	1	0	0	5099	5099	[34935]	True
14693	26162	1	1	0	0	1764	1764	[36729]	True
14718	26225	1	1	0	0	1623	1623	[39215]	True
14740	26298	9	5	0	4	13681	2619	[63266, 36300, 36317, 57421, 36313, 36289, 36293, 53292, 36297]	True
14746	26310	1	1	0	0	2400	2400	[47048]	True
14747	26311	1	1	0	0	1683	1683	[35239]	True
14751	26320	1	1	0	0	1597	1597	[35227]	True
14763	26349	2	2	0	0	2620	2470	[35273, 52851]	True
14794	26413	1	1	0	0	2800	2800	[35399]	True
14817	26449	1	1	0	0	3331	3331	[35484]	True
14826	26471	1	1	0	0	1901	1901	[35496]	True
14845	26518	1	1	0	0	2024	2024	[35576]	True
14849	26525	1	1	0	0	3853	3853	[35588]	True
14854	26532	2	1	0	1	1499	1109	[35648, 36335]	True
14859	26542	2	2	0	0	1969	1048	[36658, 36921]	True
14886	26601	1	1	0	0	1912	1912	[47770]	True
14892	26619	1	1	0	0	2769	2769	[35774]	True
14908	26644	1	1	0	0	30715	30715	[37005]	True
14914	26664	1	0	0	1	1729	1729	[35913]	True
14968	26767	1	1	0	0	1550	1550	[49614]	True
15013	26852	1	1	0	0	2399	2399	[36695]	True
15018	26863	1	1	0	0	16210	16210	[36167]	True
15019	26864	1	1	0	0	1296	1296	[37311]	True
15024	26874	5	1	0	4	10762	3459	[50824, 52885, 51217, 36180, 52658]	True
15026	26878	2	2	0	0	2300	1190	[36205, 56793]	True
15051	26925	1	1	0	0	2913	2913	[36273]	True
15055	26931	1	1	0	0	1739	1739	[36797]	True
15086	27001	1	1	0	0	4541	4541	[40837]	True
15124	27076	1	1	0	0	1219	1219	[44756]	True
15163	27164	2	1	0	1	16518	12000	[36669, 48562]	True
15178	27213	1	1	0	0	1333	1333	[36743]	True
15182	27221	1	1	0	0	1543	1543	[36771]	True
15212	27303	1	1	0	0	4390	4390	[36914]	True
15214	27305	1	1	0	0	2589	2589	[36952]	True
15221	27324	2	1	0	1	3753	1983	[42886, 36939]	True
15252	27392	1	1	0	0	5327	5327	[37031]	True
15259	27414	2	0	0	2	2892	2132	[41405, 41407]	True
15276	27455	1	1	0	0	934	934	[37167]	True
15287	27478	1	1	0	0	1734	1734	[37296]	True
15302	27528	1	1	0	0	1655	1655	[37326]	True
15305	27535	1	1	0	0	4113	4113	[37290]	True
15315	27566	2	1	0	1	7444	5280	[62970, 37545]	True
15349	27654	1	0	0	1	1671	1671	[65146]	True
15359	27681	1	1	0	0	1993	1993	[37550]	True
15376	27723	1	1	0	0	2313	2313	[38250]	True
15442	27878	2	1	0	1	4194	2707	[38121, 37892]	True
15454	27902	1	1	0	0	2746	2746	[38258]	True
15478	27983	6	1	0	5	22414	10337	[60575, 47102, 42743, 46790, 42435, 45315]	True
15481	27995	1	1	0	0	2094	2094	[38117]	True
15506	28047	3	2	0	1	5574	3495	[45043, 38193, 38191]	True
15535	28115	1	1	0	0	1728	1728	[38271]	True
15539	28121	1	1	0	0	3669	3669	[38281]	True
15557	28160	1	1	0	0	3642	3642	[39334]	True
15568	28179	1	1	0	0	5082	5082	[38354]	True
15600	28264	1	1	0	0	2000	2000	[38633]	True
15602	28266	2	1	0	1	17307	12989	[48745, 38484]	True
15607	28274	2	1	0	1	16800	14400	[59398, 52648]	True
15622	28303	2	2	0	0	3855	2017	[39865, 52627]	True
15631	28317	2	2	0	0	3038	3004	[38520, 53776]	True
15640	28335	1	1	0	0	171	171	[38594]	True
15645	28342	2	2	0	0	4837	2800	[48181, 38564]	True
15650	28347	1	1	0	0	2118	2118	[38600]	True
15669	28385	2	2	0	0	6252	3372	[38625, 49748]	True
15674	28396	1	1	0	0	1555	1555	[38637]	True
15694	28447	1	1	0	0	664	664	[39759]	True
15716	28516	1	1	0	0	2833	2833	[38762]	True
15734	28544	3	2	1	0	7912	3112	[38814, 48538, 45162]	True
15776	28625	2	1	0	1	4555	2880	[59374, 38966]	True
15780	28629	2	2	0	0	2705	1863	[39263, 39257]	True
15817	28687	1	1	0	0	4009	4009	[39061]	True
15822	28696	1	1	0	0	4979	4979	[39081]	True
15831	28711	1	1	0	0	2775	2775	[39741]	True
15839	28733	2	1	0	1	6397	3895	[59234, 39153]	True
15887	28836	1	1	0	0	1928	1928	[39318]	True
15894	28843	1	1	0	0	1370	1370	[45608]	True
15909	28864	1	1	0	0	2739	2739	[40121]	True
15910	28867	1	1	0	0	2031	2031	[39358]	True
15917	28880	2	1	0	1	9041	6161	[48015, 39377]	True
15958	28974	1	1	0	0	976	976	[44610]	True
15961	28981	1	1	0	0	2400	2400	[52994]	True
15988	29043	1	1	0	0	1425	1425	[39635]	True
15996	29069	1	1	0	0	1767	1767	[39675]	True
16078	29278	2	2	0	0	4192	3751	[40005, 40007]	True
16082	29286	1	1	0	0	5639	5639	[40019]	True
16091	29303	1	1	0	0	3169	3169	[40051]	True
16099	29318	2	1	0	1	7853	4135	[40362, 40080]	True
16113	29348	1	1	0	0	1210	1210	[40123]	True
16119	29366	1	1	0	0	2399	2399	[40498]	True
16145	29424	1	1	0	0	6496	6496	[44896]	True
16150	29439	1	1	0	0	5469	5469	[40263]	True
16215	29588	1	1	0	0	1765	1765	[42520]	True
16247	29664	2	2	0	0	2128	2037	[40658, 40660]	True
16259	29702	1	1	0	0	2223	2223	[41502]	True
16260	29703	1	1	0	0	3760	3760	[42999]	True
16273	29739	3	1	0	2	13039	6169	[40721, 46892, 45214]	True
16288	29764	2	1	0	1	3695	1895	[40749, 64129]	True
16297	29781	1	1	0	0	4648	4648	[40775]	True
16305	29801	2	1	0	1	2880	2880	[55992, 54700]	True
16361	29952	3	1	0	2	4799	2674	[41021, 45419, 45417]	True
16383	30003	1	1	0	0	2546	2546	[41110]	True
16394	30022	2	2	0	0	4407	2607	[42876, 59848]	True
16416	30068	1	1	0	0	1647	1647	[41201]	True
16436	30110	1	0	1	0	3194	3194	[41291]	True
16476	30217	1	1	0	0	719	719	[42375]	True
16490	30249	6	5	0	1	11594	4277	[44171, 41552, 47611, 47615, 47625, 47587]	True
16507	30283	1	1	0	0	1732	1732	[42720]	True
16529	30329	1	1	0	0	5032816	5032816	[41682]	True
16531	30338	1	1	0	0	3176	3176	[46584]	True
16533	30341	1	1	0	0	1024	1024	[52609]	True
16541	30366	1	1	0	0	1803	1803	[41714]	True
16593	30485	1	1	0	0	3059	3059	[41872]	True
16612	30530	2	0	0	2	5609	3038	[42256, 42220]	True
16618	30540	1	1	0	0	1242	1242	[42355]	True
16632	30570	1	1	0	0	2524	2524	[41998]	True
16635	30577	1	1	0	0	1578	1578	[42012]	True
16655	30631	1	1	0	0	2044	2044	[42963]	True
16662	30657	1	1	0	0	3113	3113	[43629]	True
16665	30660	1	0	0	1	4392	4392	[42502]	True
16666	30661	1	1	0	0	2351	2351	[42128]	True
16690	30702	1	1	0	0	3065	3065	[42582]	True
16699	30723	1	1	0	0	602	602	[42228]	True
16714	30765	2	2	0	0	1427	896	[42312, 42304]	True
16717	30773	1	1	0	0	3801	3801	[42676]	True
16723	30785	1	1	0	0	4991	4991	[42684]	True
16741	30819	2	2	0	0	2288	1603	[42626, 42628]	True
16751	30848	1	1	0	0	3879	3879	[43116]	True
16806	30975	1	1	0	0	1831	1831	[42794]	True
16819	30993	1	1	0	0	1647	1647	[42696]	True
16840	31041	1	1	0	0	2172	2172	[43315]	True
16854	31085	1	0	0	1	5168	5168	[42844]	True
16889	31170	1	1	0	0	2356	2356	[43001]	True
16891	31172	4	1	0	3	14437	4500	[62408, 43003, 60033, 54276]	True
16898	31186	2	2	0	0	11043	9484	[43023, 43011]	True
16901	31191	2	2	0	0	3116	2573	[43144, 43148]	True
16907	31208	1	1	0	0	1827	1827	[43049]	True
16933	31256	1	1	0	0	1460	1460	[43333]	True
16960	31326	1	1	0	0	1285	1285	[45716]	True
16962	31328	2	1	0	1	5536	2807	[44200, 59066]	True
16966	31335	1	1	0	0	2676	2676	[43309]	True
16979	31356	1	1	0	0	951	951	[43409]	True
16994	31390	1	1	0	0	1312	1312	[43367]	True
17001	31401	1	1	0	0	998	998	[43385]	True
17009	31413	3	2	0	1	3693	2094	[60510, 43419, 52092]	True
17034	31469	1	1	0	0	4127	4127	[43501]	True
17046	31501	5	3	0	2	8345	2880	[64312, 46503, 51737, 44569, 58572]	True
17056	31520	2	1	0	1	3113	1656	[48881, 49034]	True
17069	31541	1	0	0	1	5280	5280	[51206]	True
17102	31628	1	1	0	0	1900	1900	[51840]	True
17111	31649	1	1	0	0	3739	3739	[43782]	True
17118	31662	2	1	0	1	3788	2588	[44097, 52710]	True
17119	31663	5	5	0	0	3197706	1744914	[44479, 44483, 44485, 44477, 48558]	True
17139	31712	3	2	1	0	7080	3840	[57039, 57035, 57037]	True
17144	31722	1	1	0	0	1858	1858	[55385]	True
17199	31873	1	1	0	0	2428	2428	[44089]	True
17209	31896	1	1	0	0	None	None	[54441]	True
17237	31969	3	1	0	2	5139	2391	[45373, 52227, 44272]	True
17270	32078	1	1	0	0	863	863	[44575]	True
17277	32102	2	2	0	0	9932	9385	[44397, 44391]	True
17291	32128	1	1	0	0	10081	10081	[48727]	True
17293	32132	2	2	0	0	3429	2464	[50869, 44471]	True
17341	32242	1	1	0	0	907	907	[44646]	True
17344	32249	1	1	0	0	11955	11955	[44668]	True
17363	32293	1	1	0	0	6631	6631	[44731]	True
17371	32309	1	1	0	0	5919	5919	[45121]	True
17375	32319	1	1	0	0	3555	3555	[44782]	True
17390	32358	2	1	0	1	7661	3840	[59082, 44840]	True
17392	32362	1	1	0	0	898	898	[44848]	True
17396	32371	1	1	0	0	4927	4927	[44852]	True
17402	32387	1	1	0	0	798	798	[45545]	True
17411	32418	1	1	0	0	1483	1483	[44914]	True
17416	32426	1	1	0	0	2269	2269	[44946]	True
17422	32453	1	1	0	0	813	813	[44966]	True
17446	32545	1	1	0	0	1409	1409	[45113]	True
17452	32559	3	1	0	2	7332	3497	[48274, 46223, 47334]	True
17483	32653	0	0	0	0	None	None	[None]	True
17496	32693	1	1	0	0	2400	2400	[45325]	True
17506	32751	1	1	0	0	4000	4000	[47876]	True
17511	32772	1	1	0	0	2651	2651	[45441]	True
17532	32834	1	1	0	0	854	854	[52274]	True
17561	32919	1	1	0	0	759	759	[45702]	True
17562	32922	2	1	1	0	15840	12000	[45653, 50606]	True
17575	32962	1	1	0	0	874	874	[45710]	True
17609	33029	1	1	0	0	819	819	[45814]	True
17656	33146	1	1	0	0	4122	4122	[47074]	True
17661	33154	1	1	0	0	1770	1770	[45974]	True
17662	33156	4	2	0	2	8956	3570	[54638, 45994, 49897, 45996]	True
17669	33171	1	1	0	0	1097	1097	[45998]	True
17698	33264	1	1	0	0	2045	2045	[46121]	True
17725	33342	1	1	0	0	2400	2400	[46245]	True
17755	33417	2	2	0	0	2824	2440	[46669, 46671]	True
17849	33700	2	2	0	0	7800	6000	[47302, 47538]	True
17869	33763	2	2	0	0	6713	5713	[46920, 49850]	True
17876	33778	1	1	0	0	2162	2162	[46868]	True
17887	33828	5	1	0	4	4830	2500	[53996, 48795, 54002, 54000, 54004]	True
17899	33852	1	1	0	0	1800	1800	[50265]	True
17905	33878	1	1	0	0	1300	1300	[46990]	True
17933	33929	1	1	0	0	1388	1388	[47098]	True
17934	33931	2	1	0	1	1985	1615	[51763, 48378]	True
17941	33948	4	2	0	2	8820	2880	[47130, 47128, 47134, 47132]	True
17952	33981	1	1	0	0	2500	2500	[47184]	True
17987	34073	1	1	0	0	2500	2500	[47306]	True
18018	34165	1	1	0	0	305	305	[48146]	True
18026	34181	1	1	0	0	974	974	[47454]	True
18070	34285	1	1	0	0	2400	2400	[47623]	True
18117	34434	1	1	0	0	2930	2930	[47923]	True
18121	34447	1	1	0	0	1800	1800	[47836]	True
18152	34517	1	1	0	0	1800	1800	[47971]	True
18185	34623	1	1	0	0	2023	2023	[48595]	True
18186	34624	1	1	0	0	2157	2157	[48116]	True
18193	34650	1	1	0	0	2400	2400	[51312]	True
18196	34656	2	2	0	0	4200	2400	[48233, 63723]	True
18267	34843	1	1	0	0	2400	2400	[48478]	True
18332	35019	1	1	0	0	2880	2880	[49110]	True
18333	35020	1	1	0	0	2400	2400	[48733]	True
18348	35067	1	1	0	0	1800	1800	[48765]	True
18400	35204	1	0	1	0	2400	2400	[48946]	True
18412	35233	1	1	0	0	1578	1578	[48986]	True
18437	35298	1	1	0	0	1580	1580	[49128]	True
18451	35320	1	0	0	1	2000	2000	[49221]	True
18461	35343	1	1	0	0	139	139	[49182]	True
18482	35389	0	0	0	0	None	None	[None]	True
18522	35547	1	1	0	0	4200	4200	[49473]	True
18524	35553	1	1	0	0	2400	2400	[49477]	True
18542	35595	1	1	0	0	1500	1500	[55535]	True
18568	35655	1	1	0	0	691	691	[49818]	True
18594	35719	1	1	0	0	1800	1800	[49989]	True
18646	35842	1	1	0	0	2400	2400	[49965]	True
18680	35918	1	0	0	1	5280	5280	[56856]	True
18701	35958	1	1	0	0	2433	2433	[50165]	True
18704	35977	5	1	0	4	15160	9480	[55980, 61935, 50191, 55982, 55978]	True
18774	36127	1	1	0	0	976	976	[50441]	True
18795	36199	2	2	0	0	4680	2880	[50550, 50546]	True
18804	36231	1	1	0	0	1618	1618	[50618]	True
18808	36237	2	2	0	0	4300	2500	[50614, 54006]	True
18811	36244	3	2	1	0	6600	2400	[50948, 53060, 50636]	True
18833	36316	1	1	0	0	2000	2000	[50739]	True
18845	36346	1	1	0	0	1800	1800	[54252]	True
18877	36435	1	1	0	0	1390	1390	[50938]	True
18886	36448	1	1	0	0	4100	4100	[50951]	True
18898	36477	1	1	0	0	12000	12000	[51015]	True
18916	36525	1	1	0	0	2697	2697	[51059]	True
18936	36580	2	1	0	1	4200	2400	[53766, 56507]	True
18944	36606	4	1	0	3	8040	3840	[51202, 58369, 56019, 58820]	True
18949	36613	1	1	0	0	600	600	[51556]	True
18958	36645	2	2	0	0	3328	2400	[51249, 51247]	True
18966	36665	1	1	0	0	1650	1650	[51286]	True
18974	36677	3	1	0	2	6400	4500	[54584, 60303, 54125]	True
19014	36738	1	1	0	0	3840	3840	[51388]	True
19016	36744	2	2	0	0	1763	1291	[51404, 51406]	True
19040	36820	1	1	0	0	1300	1300	[51502]	True
19084	36943	1	1	0	0	5248	5248	[51699]	True
19089	36980	1	1	0	0	2880	2880	[51749]	True
19112	37035	2	2	0	0	8023	4023	[51838, 51844]	True
19138	37088	1	1	0	0	2400	2400	[51914]	True
19145	37106	1	0	0	1	2750	2750	[52760]	True
19165	37156	1	1	0	0	4280	4280	[52108]	True
19191	37203	1	0	1	0	2100	2100	[52064]	True
19217	37274	1	1	0	0	746	746	[53380]	True
19225	37290	1	1	0	0	2600	2600	[52218]	True
19254	37347	1	1	0	0	2894	2894	[52278]	True
19287	37435	1	1	0	0	1800	1800	[52722]	True
19314	37493	1	1	0	0	1952	1952	[52501]	True
19315	37498	1	1	0	0	2400	2400	[52513]	True
19377	37641	1	1	0	0	1800	1800	[59134]	True
19408	37707	1	1	0	0	8139	8139	[52829]	True
19410	37715	1	1	0	0	2880	2880	[54532]	True
19442	37778	2	2	0	0	1711	1711	[53365, 54807]	True
19450	37792	1	1	0	0	2880	2880	[53084]	True
19484	37864	2	1	0	1	4680	2880	[61179, 53260]	True
19490	37880	1	1	0	0	5500	5500	[53133]	True
19492	37886	2	2	0	0	3617	2400	[53111, 56371]	True
19523	37945	1	1	0	0	3300	3300	[53372]	True
19524	37946	3	3	0	0	4315	2390	[53211, 53209, 53207]	True
19533	37966	1	1	0	0	1468	1468	[53252]	True
19538	37973	1	1	0	0	9480	9480	[53326]	True
19564	38020	1	1	0	0	569	569	[53394]	True
19586	38076	1	1	0	0	409	409	[53444]	True
19617	38124	2	1	0	1	5235	2880	[61545, 55994]	True
19619	38126	3	3	0	0	9120	3840	[53520, 53522, 53524]	True
19624	38141	1	1	0	0	1800	1800	[53549]	True
19629	38154	1	0	0	1	1438	1438	[56674]	True
19642	38183	1	1	0	0	1991	1991	[53731]	True
19652	38196	1	1	0	0	2400	2400	[53615]	True
19686	38273	1	1	0	0	1394	1394	[53737]	True
19710	38352	1	1	0	0	1800	1800	[53840]	True
19712	38360	1	1	0	0	1296	1296	[54153]	True
19723	38390	1	0	0	1	1000	1000	[53958]	True
19726	38399	1	1	0	0	9480	9480	[53918]	True
19740	38430	1	1	0	0	957	957	[53964]	True
19749	38450	1	1	0	0	1435	1435	[53988]	True
19763	38471	1	1	0	0	None	None	[54032]	True
19786	38519	1	1	0	0	5374	5374	[54137]	True
19796	38557	1	1	0	0	None	None	[54189]	True
19828	38620	1	1	0	0	3840	3840	[54292]	True
19837	38642	1	1	0	0	469	469	[54330]	True
19870	38711	1	1	0	0	1800	1800	[54524]	True
19887	38741	1	1	0	0	2880	2880	[54526]	True
19920	38809	1	1	0	0	12000	12000	[54724]	True
19928	38825	2	2	0	0	6567	6000	[55023, 55019]	True
19994	38960	1	1	0	0	2375	2375	[60653]	True
20024	39033	1	1	0	0	2400	2400	[54993]	True
20032	39047	1	1	0	0	1479	1479	[55027]	True
20033	39050	2	2	0	0	None	None	[55033, 55035]	True
20048	39101	1	1	0	0	3600	3600	[56571]	True
20059	39126	1	1	0	0	2042	2042	[55384]	True
20070	39158	1	1	0	0	2546	2546	[55306]	True
20095	39246	1	1	0	0	None	None	[55304]	True
20097	39249	1	1	0	0	3840	3840	[55599]	True
20127	39329	1	1	0	0	6639	6639	[55450]	True
20166	39390	1	1	0	0	1800	1800	[55549]	True
20179	39427	0	0	0	0	None	None	[None]	True
20203	39480	1	1	0	0	2400	2400	[55678]	True
20204	39481	1	1	0	0	1000	1000	[55676]	True
20216	39507	1	1	0	0	3000	3000	[55738]	True
20233	39551	1	1	0	0	1400	1400	[55788]	True
20239	39557	1	1	0	0	500	500	[55800]	True
20242	39568	3	1	0	2	5982	2880	[61482, 55822, 55824]	True
20251	39591	1	1	0	0	2400	2400	[55850]	True
20257	39603	0	0	0	0	None	None	[None]	True
20278	39655	1	1	0	0	4507	4507	[55948]	True
20287	39673	1	1	0	0	3100	3100	[55984]	True
20317	39732	1	1	0	0	2400	2400	[66041]	True
20335	39795	1	1	0	0	2356	2356	[64595]	True
20366	39856	1	1	0	0	12626	12626	[24581]	True
20376	39874	1	1	0	0	2400	2400	[56419]	True
20377	39876	1	1	0	0	2200	2200	[56329]	True
20385	39892	1	1	0	0	3170	3170	[56365]	True
20410	39948	1	1	0	0	3500	3500	[56457]	True
20423	39976	1	1	0	0	2168	2168	[56893]	True
20434	40002	1	1	0	0	2400	2400	[56603]	True
20439	40019	1	1	0	0	908	908	[56575]	True
20556	40300	1	1	0	0	4500	4500	[57027]	True
20597	40371	1	1	0	0	2100	2100	[57125]	True
20629	40421	1	0	0	1	3713	3713	[57257]	True
20652	40464	0	0	0	0	None	None	[None]	True
20669	40506	1	1	0	0	1800	1800	[62338]	True
20698	40574	1	1	0	0	1800	1800	[59671]	True
20739	40655	0	0	0	0	None	None	[None]	True
20748	40672	1	1	0	0	2880	2880	[57590]	True
20764	40703	0	0	0	0	None	None	[None]	True
20772	40719	1	1	0	0	2400	2400	[57682]	True
20897	41018	1	1	0	0	911	911	[58129]	True
20961	41138	1	1	0	0	None	None	[58392]	True
21069	41408	1	1	0	0	1307	1307	[61414]	True
21101	41478	7	3	0	4	4675	1424	[61799, 61873, 58888, 61877, 58882, 58884, 61869]	True
21136	41543	1	1	0	0	2880	2880	[59048]	True
21199	41638	0	0	0	0	None	None	[None]	True
21309	41818	1	1	0	0	1800	1800	[60426]	True
21420	42071	2	2	0	0	33	33	[59824, 59828]	True
21462	42153	1	1	0	0	2400	2400	[59905]	True
21535	42305	2	1	0	1	2214	1464	[60408, 60193]	True
21650	42613	1	1	0	0	2165	2165	[60608]	True
21738	42805	1	1	0	0	3400	3400	[64205]	True
21812	43034	1	1	0	0	2880	2880	[61273]	True
21823	43068	1	1	0	0	1800	1800	[61284]	True
21838	43123	1	1	0	0	2600	2600	[61346]	True
21892	43316	1	1	0	0	2588	2588	[61614]	True
22034	43655	0	0	0	0	None	None	[None]	True
22367	44523	2	2	0	0	7337	5280	[63715, 63417]	True
22438	44716	1	1	0	0	4000	4000	[63672]	True
22826	45782	0	0	0	0	None	None	[None]	True
22988	46173	0	0	0	0	None	None	[None]	True
23028	46283	0	0	0	0	None	None	[None]	True
